[
  {
    "ZIP": "K0B",
    "City": "Prescott and Russell United Counties (Alfred)",
    "Ontario": "Ontario",
    "45.1953": 45.4131,
    "-76.1496": -74.9148
  },
  {
    "ZIP": "K0C",
    "City": "Stormont, Dundas and Glengarry United Counties (Alexandria)",
    "Ontario": "Ontario",
    "45.1953": 45.2228,
    "-76.1496": -75.032
  },
  {
    "ZIP": "K0E",
    "City": "South Leeds and Grenville United Counties (Prescott)",
    "Ontario": "Ontario",
    "45.1953": 44.6478,
    "-76.1496": -75.7656
  },
  {
    "ZIP": "K0G",
    "City": "Rideau Lakes area (Kemptville)",
    "Ontario": "Ontario",
    "45.1953": 45.0113,
    "-76.1496": -75.6459
  },
  {
    "ZIP": "K0H",
    "City": "Frontenac County, Addington County, Loyalist Shores and Southwest Leeds (Inverary)",
    "Ontario": "Ontario",
    "45.1953": 44.2166,
    "-76.1496": -76.6455
  },
  {
    "ZIP": "K0J",
    "City": "Renfrew County and Lanark Highlands Township (Deep River)",
    "Ontario": "Ontario",
    "45.1953": 45.3985,
    "-76.1496": -78.0836
  },
  {
    "ZIP": "K0K",
    "City": "Quinte Shores, East Northumberland County & Prince Edward County (Picton)",
    "Ontario": "Ontario",
    "45.1953": 44.0594,
    "-76.1496": -77.386
  },
  {
    "ZIP": "K0L",
    "City": "Peterborough County and North Hastings County (Lakefield)",
    "Ontario": "Ontario",
    "45.1953": 44.8324,
    "-76.1496": -77.9302
  },
  {
    "ZIP": "K0M",
    "City": "Kawartha lakes and Haliburton County (Bobcaygeon)",
    "Ontario": "Ontario",
    "45.1953": 44.438,
    "-76.1496": -78.6828
  },
  {
    "ZIP": "K1A",
    "City": "Government of Canada Ottawa and Gatineau offices",
    "Ontario": "Ontario",
    "45.1953": 45.4207,
    "-76.1496": -75.7023
  },
  {
    "ZIP": "K1B",
    "City": "Gloucester (Blackburn Hamlet / Pine View)",
    "Ontario": "Ontario",
    "45.1953": 45.4325,
    "-76.1496": -75.5624
  },
  {
    "ZIP": "K1C",
    "City": "Gloucester (West Orleans)",
    "Ontario": "Ontario",
    "45.1953": 45.4805,
    "-76.1496": -75.5237
  },
  {
    "ZIP": "K1E",
    "City": "Orleans (Queenswood)",
    "Ontario": "Ontario",
    "45.1953": 45.4882,
    "-76.1496": -75.5199
  },
  {
    "ZIP": "K1G",
    "City": "Ottawa (Riverview / Hawthorne)",
    "Ontario": "Ontario",
    "45.1953": 45.4118,
    "-76.1496": -75.6304
  },
  {
    "ZIP": "K1H",
    "City": "Ottawa (Alta Vista)",
    "Ontario": "Ontario",
    "45.1953": 45.3938,
    "-76.1496": -75.6639
  },
  {
    "ZIP": "K1J",
    "City": "Gloucester (Beacon Hill / Cyrville)",
    "Ontario": "Ontario",
    "45.1953": 45.422,
    "-76.1496": -75.6303
  },
  {
    "ZIP": "K1K",
    "City": "Ottawa (Overbrook)",
    "Ontario": "Ontario",
    "45.1953": 45.4354,
    "-76.1496": -75.6475
  },
  {
    "ZIP": "K1L",
    "City": "Ottawa (Vanier)",
    "Ontario": "Ontario",
    "45.1953": 45.44,
    "-76.1496": -75.6524
  },
  {
    "ZIP": "K1M",
    "City": "Ottawa (Rockcliffe Park / New Edinburgh)",
    "Ontario": "Ontario",
    "45.1953": 45.4461,
    "-76.1496": -75.6744
  },
  {
    "ZIP": "K1N",
    "City": "Ottawa (Lower Town / Sandy Hill / University of Ottawa)",
    "Ontario": "Ontario",
    "45.1953": 45.3176,
    "-76.1496": -75.895
  },
  {
    "ZIP": "K1P",
    "City": "Ottawa (Parliament Hill)",
    "Ontario": "Ontario",
    "45.1953": 45.423,
    "-76.1496": -75.702
  },
  {
    "ZIP": "K1R",
    "City": "Ottawa (West Downtown area)",
    "Ontario": "Ontario",
    "45.1953": 45.4,
    "-76.1496": -75.7235
  },
  {
    "ZIP": "K1S",
    "City": "Ottawa (The Glebe / Ottawa South / Ottawa East)",
    "Ontario": "Ontario",
    "45.1953": 45.4127,
    "-76.1496": -75.6742
  },
  {
    "ZIP": "K1T",
    "City": "Gloucester (Blossom Park / Hunt Club East / Leitrim)",
    "Ontario": "Ontario",
    "45.1953": 45.352,
    "-76.1496": -75.6421
  },
  {
    "ZIP": "K1V",
    "City": "Ottawa (Riverside Park / Hunt Club West / Riverside South / YOW)",
    "Ontario": "Ontario",
    "45.1953": 45.3523,
    "-76.1496": -75.6512
  },
  {
    "ZIP": "K1W",
    "City": "Gloucester (South Orleans)",
    "Ontario": "Ontario",
    "45.1953": 45.436,
    "-76.1496": -75.5471
  },
  {
    "ZIP": "K1X",
    "City": "Gloucester South",
    "Ontario": "Ontario",
    "45.1953": 45.2884,
    "-76.1496": -75.5992
  },
  {
    "ZIP": "K1Y",
    "City": "Ottawa West",
    "Ontario": "Ontario",
    "45.1953": 45.399,
    "-76.1496": -75.7304
  },
  {
    "ZIP": "K1Z",
    "City": "Ottawa (Westboro)",
    "Ontario": "Ontario",
    "45.1953": 45.3956,
    "-76.1496": -75.7462
  },
  {
    "ZIP": "K2A",
    "City": "Ottawa (Highland Park / Carlingwood)",
    "Ontario": "Ontario",
    "45.1953": 45.3778,
    "-76.1496": -75.7632
  },
  {
    "ZIP": "K2B",
    "City": "Ottawa (Britannia / Pinecrest)",
    "Ontario": "Ontario",
    "45.1953": 45.3679,
    "-76.1496": -75.7888
  },
  {
    "ZIP": "K2C",
    "City": "Ottawa (Queensway / Copeland / Carlington / Carleton Heights)",
    "Ontario": "Ontario",
    "45.1953": 45.3594,
    "-76.1496": -75.7523
  },
  {
    "ZIP": "K2E",
    "City": "Nepean East",
    "Ontario": "Ontario",
    "45.1953": 45.3353,
    "-76.1496": -75.7209
  },
  {
    "ZIP": "K2G",
    "City": "Nepean (Davidson Heights)",
    "Ontario": "Ontario",
    "45.1953": 45.3286,
    "-76.1496": -75.7703
  },
  {
    "ZIP": "K2H",
    "City": "Nepean (Bells Corners)",
    "Ontario": "Ontario",
    "45.1953": 45.3155,
    "-76.1496": -75.837
  },
  {
    "ZIP": "K2J",
    "City": "Nepean (Barrhaven)",
    "Ontario": "Ontario",
    "45.1953": 45.2882,
    "-76.1496": -75.7566
  },
  {
    "ZIP": "K2K",
    "City": "Kanata (Beaverbrook / South March)",
    "Ontario": "Ontario",
    "45.1953": 45.3339,
    "-76.1496": -75.9098
  },
  {
    "ZIP": "K2L",
    "City": "Kanata (Katimavik-Hazeldean / Glen Cairn)",
    "Ontario": "Ontario",
    "45.1953": 45.3125,
    "-76.1496": -75.8838
  },
  {
    "ZIP": "K2M",
    "City": "Kanata (Bridlewood)",
    "Ontario": "Ontario",
    "45.1953": 45.2884,
    "-76.1496": -75.8648
  },
  {
    "ZIP": "K2P",
    "City": "Ottawa (Centre Town)",
    "Ontario": "Ontario",
    "45.1953": 45.4129,
    "-76.1496": -75.6901
  },
  {
    "ZIP": "K2R",
    "City": "Nepean (Fallowfield Village / Cedarhill Estates / Orchard Estates)",
    "Ontario": "Ontario",
    "45.1953": 45.2776,
    "-76.1496": -75.7902
  },
  {
    "ZIP": "K2S",
    "City": "Stittsville",
    "Ontario": "Ontario",
    "45.1953": 45.2573,
    "-76.1496": -75.9153
  },
  {
    "ZIP": "K2T",
    "City": "Kanata (Marchwood)",
    "Ontario": "Ontario",
    "45.1953": 45.3121,
    "-76.1496": -75.9217
  },
  {
    "ZIP": "K2V",
    "City": "Kanata (Terry Fox / Palladium)",
    "Ontario": "Ontario",
    "45.1953": 45.3018,
    "-76.1496": -75.9081
  },
  {
    "ZIP": "K2W",
    "City": "Kanata (North March)",
    "Ontario": "Ontario",
    "45.1953": 45.3564,
    "-76.1496": -75.9445
  },
  {
    "ZIP": "K4A",
    "City": "Orleans (Fallingbrook)",
    "Ontario": "Ontario",
    "45.1953": 45.4769,
    "-76.1496": -75.4835
  },
  {
    "ZIP": "K4B",
    "City": "Cumberland Township",
    "Ontario": "Ontario",
    "45.1953": 45.4251,
    "-76.1496": -75.4288
  },
  {
    "ZIP": "K4C",
    "City": "Cumberland",
    "Ontario": "Ontario",
    "45.1953": 45.5177,
    "-76.1496": -75.4108
  },
  {
    "ZIP": "K4K",
    "City": "Rockland",
    "Ontario": "Ontario",
    "45.1953": 45.5415,
    "-76.1496": -75.3062
  },
  {
    "ZIP": "K4M",
    "City": "Manotick",
    "Ontario": "Ontario",
    "45.1953": 45.2289,
    "-76.1496": -75.6817
  },
  {
    "ZIP": "K4P",
    "City": "Greely",
    "Ontario": "Ontario",
    "45.1953": 45.258,
    "-76.1496": -75.5762
  },
  {
    "ZIP": "K4R",
    "City": "Russell",
    "Ontario": "Ontario",
    "45.1953": 45.2573,
    "-76.1496": -75.3675
  },
  {
    "ZIP": "K6A",
    "City": "Hawkesbury",
    "Ontario": "Ontario",
    "45.1953": 45.6101,
    "-76.1496": -74.6085
  },
  {
    "ZIP": "K6H",
    "City": "Cornwall East",
    "Ontario": "Ontario",
    "45.1953": 45.0186,
    "-76.1496": -74.7129
  },
  {
    "ZIP": "K6J",
    "City": "Cornwall West",
    "Ontario": "Ontario",
    "45.1953": 45.0149,
    "-76.1496": -74.7279
  },
  {
    "ZIP": "K6K",
    "City": "Cornwall North",
    "Ontario": "Ontario",
    "45.1953": 45.0607,
    "-76.1496": -74.7542
  },
  {
    "ZIP": "K6T",
    "City": "Elizabethtown",
    "Ontario": "Ontario",
    "45.1953": 44.618,
    "-76.1496": -75.6895
  },
  {
    "ZIP": "K6V",
    "City": "Brockville",
    "Ontario": "Ontario",
    "45.1953": 44.5906,
    "-76.1496": -75.6808
  },
  {
    "ZIP": "K7A",
    "City": "Smiths Falls",
    "Ontario": "Ontario",
    "45.1953": 44.8995,
    "-76.1496": -76.021
  },
  {
    "ZIP": "K7C",
    "City": "Carleton Place",
    "Ontario": "Ontario",
    "45.1953": 45.135,
    "-76.1496": -76.1313
  },
  {
    "ZIP": "K7G",
    "City": "Gananoque",
    "Ontario": "Ontario",
    "45.1953": 44.3319,
    "-76.1496": -76.1471
  },
  {
    "ZIP": "K7H",
    "City": "Perth",
    "Ontario": "Ontario",
    "45.1953": 44.902,
    "-76.1496": -76.2457
  },
  {
    "ZIP": "K7K",
    "City": "Kingston (SW Pittsburgh Township)",
    "Ontario": "Ontario",
    "45.1953": 44.2322,
    "-76.1496": -76.4799
  },
  {
    "ZIP": "K7L",
    "City": "Kingston (Downtown)",
    "Ontario": "Ontario",
    "45.1953": 44.231,
    "-76.1496": -76.4791
  },
  {
    "ZIP": "K7M",
    "City": "Kingston (Reddendale / Cataraqui / Collins Bay)",
    "Ontario": "Ontario",
    "45.1953": 44.2274,
    "-76.1496": -76.5134
  },
  {
    "ZIP": "K7N",
    "City": "Amherstview",
    "Ontario": "Ontario",
    "45.1953": 44.2255,
    "-76.1496": -76.629
  },
  {
    "ZIP": "K7P",
    "City": "Kingston (Westbrook / Cataraqui Woods / Cedarwood)",
    "Ontario": "Ontario",
    "45.1953": 44.2507,
    "-76.1496": -76.5828
  },
  {
    "ZIP": "K7R",
    "City": "Napanee",
    "Ontario": "Ontario",
    "45.1953": 44.2538,
    "-76.1496": -76.943
  },
  {
    "ZIP": "K7S",
    "City": "Arnprior",
    "Ontario": "Ontario",
    "45.1953": 45.4238,
    "-76.1496": -76.3624
  },
  {
    "ZIP": "K7V",
    "City": "Renfrew",
    "Ontario": "Ontario",
    "45.1953": 45.4779,
    "-76.1496": -76.6731
  },
  {
    "ZIP": "K8A",
    "City": "Pembroke Central and northern subdivisions",
    "Ontario": "Ontario",
    "45.1953": 45.8173,
    "-76.1496": -77.1174
  },
  {
    "ZIP": "K8B",
    "City": "Pembroke (Pleasant View / Fairview)",
    "Ontario": "Ontario",
    "45.1953": 45.815,
    "-76.1496": -77.1107
  },
  {
    "ZIP": "K8H",
    "City": "Petawawa",
    "Ontario": "Ontario",
    "45.1953": 45.9151,
    "-76.1496": -77.2754
  },
  {
    "ZIP": "K8N",
    "City": "Belleville East",
    "Ontario": "Ontario",
    "45.1953": 44.1607,
    "-76.1496": -77.369
  },
  {
    "ZIP": "K8P",
    "City": "Belleville West",
    "Ontario": "Ontario",
    "45.1953": 44.1605,
    "-76.1496": -77.3846
  },
  {
    "ZIP": "K8R",
    "City": "Belleville (SE Sidney Township / Avondale)",
    "Ontario": "Ontario",
    "45.1953": 44.1312,
    "-76.1496": -77.4521
  },
  {
    "ZIP": "K8V",
    "City": "Trenton",
    "Ontario": "Ontario",
    "45.1953": 44.1106,
    "-76.1496": -77.5569
  },
  {
    "ZIP": "K9A",
    "City": "Cobourg",
    "Ontario": "Ontario",
    "45.1953": 43.9851,
    "-76.1496": -78.1621
  },
  {
    "ZIP": "K9H",
    "City": "Peterborough North",
    "Ontario": "Ontario",
    "45.1953": 44.299,
    "-76.1496": -78.3145
  },
  {
    "ZIP": "K9J",
    "City": "Peterborough South",
    "Ontario": "Ontario",
    "45.1953": 44.2763,
    "-76.1496": -78.313
  },
  {
    "ZIP": "K9K",
    "City": "Peterborough (Fairbairn Meadows / Jackson Heights)",
    "Ontario": "Ontario",
    "45.1953": 44.279,
    "-76.1496": -78.3659
  },
  {
    "ZIP": "K9L",
    "City": "Peterborough (Terra View Heights / Woodland Acres / Donwood)",
    "Ontario": "Ontario",
    "45.1953": 44.3238,
    "-76.1496": -78.303
  },
  {
    "ZIP": "K9V",
    "City": "Lindsay",
    "Ontario": "Ontario",
    "45.1953": 44.3512,
    "-76.1496": -78.7192
  },
  {
    "ZIP": "L0A",
    "City": "West Northumberland County (Millbrook)",
    "Ontario": "Ontario",
    "45.1953": 44.1836,
    "-76.1496": -78.5563
  },
  {
    "ZIP": "L0B",
    "City": "East Durham Regional Municipality (Orono)",
    "Ontario": "Ontario",
    "45.1953": 44.0286,
    "-76.1496": -79.0015
  },
  {
    "ZIP": "L0C",
    "City": "West Durham Regional Municipality (Sunderland)",
    "Ontario": "Ontario",
    "45.1953": 44.0371,
    "-76.1496": -79.1964
  },
  {
    "ZIP": "L0E",
    "City": "Lake Simcoe Southeast Shore (Sutton West)",
    "Ontario": "Ontario",
    "45.1953": 44.2406,
    "-76.1496": -79.357
  },
  {
    "ZIP": "L0G",
    "City": "Ontario Centre (Queensville)",
    "Ontario": "Ontario",
    "45.1953": 44.1595,
    "-76.1496": -79.8733
  },
  {
    "ZIP": "L0H",
    "City": "Whitby Region (Gormley)",
    "Ontario": "Ontario",
    "45.1953": 43.9282,
    "-76.1496": -79.1201
  },
  {
    "ZIP": "L0J",
    "City": "North Peel Regional Municipality (Kleinburg)",
    "Ontario": "Ontario",
    "45.1953": 43.7788,
    "-76.1496": -79.4991
  },
  {
    "ZIP": "L0K",
    "City": "Lake Simcoe North Shore (Coldwater)",
    "Ontario": "Ontario",
    "45.1953": 44.6072,
    "-76.1496": -79.6291
  },
  {
    "ZIP": "L0L",
    "City": "Lake Simcoe West Shore (Oro)",
    "Ontario": "Ontario",
    "45.1953": 44.1535,
    "-76.1496": -79.8683
  },
  {
    "ZIP": "L0M",
    "City": "Georgian Bay South Shore (Angus)",
    "Ontario": "Ontario",
    "45.1953": 44.1476,
    "-76.1496": -79.872
  },
  {
    "ZIP": "L0N",
    "City": "Dufferin County (Shelburne)",
    "Ontario": "Ontario",
    "45.1953": 43.8582,
    "-76.1496": -80.0696
  },
  {
    "ZIP": "L0P",
    "City": "Halton Regional Municipality (Campbellville)",
    "Ontario": "Ontario",
    "45.1953": 43.7882,
    "-76.1496": -79.6754
  },
  {
    "ZIP": "L0R",
    "City": "East Haldimand County (Waterdown)",
    "Ontario": "Ontario",
    "45.1953": 43.1661,
    "-76.1496": -80.0702
  },
  {
    "ZIP": "L0S",
    "City": "Niagara Regional Municipality (Fonthill)",
    "Ontario": "Ontario",
    "45.1953": 43.0796,
    "-76.1496": -79.199
  },
  {
    "ZIP": "L1A",
    "City": "Port Hope",
    "Ontario": "Ontario",
    "45.1953": 43.9427,
    "-76.1496": -78.2944
  },
  {
    "ZIP": "L1B",
    "City": "Bowmanville East",
    "Ontario": "Ontario",
    "45.1953": 43.8966,
    "-76.1496": -78.6309
  },
  {
    "ZIP": "L1C",
    "City": "Bowmanville West",
    "Ontario": "Ontario",
    "45.1953": 43.9014,
    "-76.1496": -78.6755
  },
  {
    "ZIP": "L1E",
    "City": "Courtice",
    "Ontario": "Ontario",
    "45.1953": 43.914,
    "-76.1496": -78.6925
  },
  {
    "ZIP": "L1G",
    "City": "Oshawa Central",
    "Ontario": "Ontario",
    "45.1953": 43.898,
    "-76.1496": -78.8656
  },
  {
    "ZIP": "L1H",
    "City": "Oshawa Southeast",
    "Ontario": "Ontario",
    "45.1953": 43.8973,
    "-76.1496": -78.8641
  },
  {
    "ZIP": "L1J",
    "City": "Oshawa Southwest",
    "Ontario": "Ontario",
    "45.1953": 43.8587,
    "-76.1496": -78.8341
  },
  {
    "ZIP": "L1K",
    "City": "Oshawa East",
    "Ontario": "Ontario",
    "45.1953": 43.9091,
    "-76.1496": -78.8088
  },
  {
    "ZIP": "L1L",
    "City": "Oshawa North",
    "Ontario": "Ontario",
    "45.1953": 43.9527,
    "-76.1496": -78.8795
  },
  {
    "ZIP": "L1M",
    "City": "Whitby North",
    "Ontario": "Ontario",
    "45.1953": 43.9561,
    "-76.1496": -78.9556
  },
  {
    "ZIP": "L1N",
    "City": "Whitby Southeast",
    "Ontario": "Ontario",
    "45.1953": 43.8581,
    "-76.1496": -78.9319
  },
  {
    "ZIP": "L1P",
    "City": "Whitby Southwest",
    "Ontario": "Ontario",
    "45.1953": 43.8744,
    "-76.1496": -78.9638
  },
  {
    "ZIP": "L1R",
    "City": "Whitby Central",
    "Ontario": "Ontario",
    "45.1953": 43.9018,
    "-76.1496": -78.9347
  },
  {
    "ZIP": "L1S",
    "City": "Ajax Southwest",
    "Ontario": "Ontario",
    "45.1953": 43.8265,
    "-76.1496": -78.9991
  },
  {
    "ZIP": "L1T",
    "City": "Ajax Northwest",
    "Ontario": "Ontario",
    "45.1953": 43.8603,
    "-76.1496": -79.0434
  },
  {
    "ZIP": "L1V",
    "City": "Pickering Southwest",
    "Ontario": "Ontario",
    "45.1953": 43.8087,
    "-76.1496": -79.1307
  },
  {
    "ZIP": "L1W",
    "City": "Pickering South",
    "Ontario": "Ontario",
    "45.1953": 43.8125,
    "-76.1496": -79.0827
  },
  {
    "ZIP": "L1X",
    "City": "Pickering Central",
    "Ontario": "Ontario",
    "45.1953": 43.8449,
    "-76.1496": -79.0996
  },
  {
    "ZIP": "L1Y",
    "City": "Pickering North",
    "Ontario": "Ontario",
    "45.1953": 43.9903,
    "-76.1496": -79.1004
  },
  {
    "ZIP": "L1Z",
    "City": "Ajax East",
    "Ontario": "Ontario",
    "45.1953": 43.8627,
    "-76.1496": -79.0136
  },
  {
    "ZIP": "L2A",
    "City": "Fort Erie",
    "Ontario": "Ontario",
    "45.1953": 42.8845,
    "-76.1496": -78.9398
  },
  {
    "ZIP": "L2E",
    "City": "Niagara Falls Central",
    "Ontario": "Ontario",
    "45.1953": 43.0939,
    "-76.1496": -79.0699
  },
  {
    "ZIP": "L2G",
    "City": "Niagara Falls Southeast",
    "Ontario": "Ontario",
    "45.1953": 43.0963,
    "-76.1496": -79.074
  },
  {
    "ZIP": "L2H",
    "City": "Niagara Falls West",
    "Ontario": "Ontario",
    "45.1953": 43.1148,
    "-76.1496": -79.1238
  },
  {
    "ZIP": "L2J",
    "City": "Niagara Falls North",
    "Ontario": "Ontario",
    "45.1953": 43.1155,
    "-76.1496": -79.0916
  },
  {
    "ZIP": "L2M",
    "City": "St. Catharines Northeast",
    "Ontario": "Ontario",
    "45.1953": 43.2237,
    "-76.1496": -79.2191
  },
  {
    "ZIP": "L2N",
    "City": "St. Catharines Northwest",
    "Ontario": "Ontario",
    "45.1953": 43.1751,
    "-76.1496": -79.2389
  },
  {
    "ZIP": "L2P",
    "City": "St. Catharines East",
    "Ontario": "Ontario",
    "45.1953": 43.1418,
    "-76.1496": -79.2133
  },
  {
    "ZIP": "L2R",
    "City": "St. Catharines Central",
    "Ontario": "Ontario",
    "45.1953": 43.1719,
    "-76.1496": -79.227
  },
  {
    "ZIP": "L2S",
    "City": "St. Catharines Southwest",
    "Ontario": "Ontario",
    "45.1953": 43.1275,
    "-76.1496": -79.2631
  },
  {
    "ZIP": "L2T",
    "City": "St. Catharines South",
    "Ontario": "Ontario",
    "45.1953": 43.1334,
    "-76.1496": -79.1989
  },
  {
    "ZIP": "L2V",
    "City": "St. Catharines Southeast",
    "Ontario": "Ontario",
    "45.1953": 43.1017,
    "-76.1496": -79.1997
  },
  {
    "ZIP": "L2W",
    "City": "St. Catharines West",
    "Ontario": "Ontario",
    "45.1953": 43.1743,
    "-76.1496": -79.2744
  },
  {
    "ZIP": "L3B",
    "City": "Welland East",
    "Ontario": "Ontario",
    "45.1953": 42.9859,
    "-76.1496": -79.2232
  },
  {
    "ZIP": "L3C",
    "City": "Welland West",
    "Ontario": "Ontario",
    "45.1953": 42.9989,
    "-76.1496": -79.2466
  },
  {
    "ZIP": "L3K",
    "City": "Port Colborne",
    "Ontario": "Ontario",
    "45.1953": 42.8754,
    "-76.1496": -79.237
  },
  {
    "ZIP": "L3M",
    "City": "Grimsby",
    "Ontario": "Ontario",
    "45.1953": 43.2005,
    "-76.1496": -79.6292
  },
  {
    "ZIP": "L3P",
    "City": "Markham Central",
    "Ontario": "Ontario",
    "45.1953": 43.8605,
    "-76.1496": -79.3279
  },
  {
    "ZIP": "L3R",
    "City": "Markham Outer Southwest",
    "Ontario": "Ontario",
    "45.1953": 43.86,
    "-76.1496": -79.3605
  },
  {
    "ZIP": "L3S",
    "City": "Markham Southeast",
    "Ontario": "Ontario",
    "45.1953": 43.831,
    "-76.1496": -79.2768
  },
  {
    "ZIP": "L3T",
    "City": "Thornhill East",
    "Ontario": "Ontario",
    "45.1953": 43.7984,
    "-76.1496": -79.4186
  },
  {
    "ZIP": "L3V",
    "City": "Orillia",
    "Ontario": "Ontario",
    "45.1953": 44.6039,
    "-76.1496": -79.4126
  },
  {
    "ZIP": "L3X",
    "City": "Newmarket Southwest",
    "Ontario": "Ontario",
    "45.1953": 44.0464,
    "-76.1496": -79.4874
  },
  {
    "ZIP": "L3Y",
    "City": "Newmarket Northeast",
    "Ontario": "Ontario",
    "45.1953": 44.0414,
    "-76.1496": -79.4534
  },
  {
    "ZIP": "L3Z",
    "City": "Bradford",
    "Ontario": "Ontario",
    "45.1953": 44.1208,
    "-76.1496": -79.5656
  },
  {
    "ZIP": "L4A",
    "City": "Stouffville",
    "Ontario": "Ontario",
    "45.1953": 43.9707,
    "-76.1496": -79.2503
  },
  {
    "ZIP": "L4B",
    "City": "Richmond Hill Southeast",
    "Ontario": "Ontario",
    "45.1953": 43.8417,
    "-76.1496": -79.4011
  },
  {
    "ZIP": "L4C",
    "City": "Richmond Hill Southwest",
    "Ontario": "Ontario",
    "45.1953": 43.8759,
    "-76.1496": -79.4381
  },
  {
    "ZIP": "L4E",
    "City": "Richmond Hill North",
    "Ontario": "Ontario",
    "45.1953": 43.9423,
    "-76.1496": -79.4595
  },
  {
    "ZIP": "L4G",
    "City": "Aurora",
    "Ontario": "Ontario",
    "45.1953": 43.9909,
    "-76.1496": -79.4639
  },
  {
    "ZIP": "L4H",
    "City": "Woodbridge North",
    "Ontario": "Ontario",
    "45.1953": 43.8084,
    "-76.1496": -79.6089
  },
  {
    "ZIP": "L4J",
    "City": "Thornhill West",
    "Ontario": "Ontario",
    "45.1953": 43.7964,
    "-76.1496": -79.4278
  },
  {
    "ZIP": "L4K",
    "City": "Concord",
    "Ontario": "Ontario",
    "45.1953": 43.7848,
    "-76.1496": -79.4811
  },
  {
    "ZIP": "L4L",
    "City": "Woodbridge South",
    "Ontario": "Ontario",
    "45.1953": 43.7886,
    "-76.1496": -79.5919
  },
  {
    "ZIP": "L4M",
    "City": "Barrie North",
    "Ontario": "Ontario",
    "45.1953": 44.3885,
    "-76.1496": -79.6886
  },
  {
    "ZIP": "L4N",
    "City": "Barrie South",
    "Ontario": "Ontario",
    "45.1953": 44.3891,
    "-76.1496": -79.6901
  },
  {
    "ZIP": "L4P",
    "City": "Keswick",
    "Ontario": "Ontario",
    "45.1953": 44.2421,
    "-76.1496": -79.4818
  },
  {
    "ZIP": "L4R",
    "City": "Midland",
    "Ontario": "Ontario",
    "45.1953": 44.7542,
    "-76.1496": -79.9005
  },
  {
    "ZIP": "L4S",
    "City": "Richmond Hill Central",
    "Ontario": "Ontario",
    "45.1953": 43.8975,
    "-76.1496": -79.4415
  },
  {
    "ZIP": "L4T",
    "City": "Mississauga (Malton)",
    "Ontario": "Ontario",
    "45.1953": 43.6951,
    "-76.1496": -79.6525
  },
  {
    "ZIP": "L4V",
    "City": "Mississauga (Wildwood)",
    "Ontario": "Ontario",
    "45.1953": 43.6879,
    "-76.1496": -79.6072
  },
  {
    "ZIP": "L4W",
    "City": "Mississauga (Matheson / East Rathwood)",
    "Ontario": "Ontario",
    "45.1953": 43.6272,
    "-76.1496": -79.6222
  },
  {
    "ZIP": "L4X",
    "City": "Mississauga (East Applewood / East Dixie / NE Lakeview)",
    "Ontario": "Ontario",
    "45.1953": 43.5996,
    "-76.1496": -79.5664
  },
  {
    "ZIP": "L4Y",
    "City": "Mississauga (West Applewood / West Dixie / NW Lakeview)",
    "Ontario": "Ontario",
    "45.1953": 43.5854,
    "-76.1496": -79.583
  },
  {
    "ZIP": "L4Z",
    "City": "Mississauga (West Rathwood / East Hurontario / SE Gateway)",
    "Ontario": "Ontario",
    "45.1953": 43.6092,
    "-76.1496": -79.6201
  },
  {
    "ZIP": "L5A",
    "City": "Mississauga (Mississauga Valleys / East Cooksville)",
    "Ontario": "Ontario",
    "45.1953": 43.5701,
    "-76.1496": -79.5985
  },
  {
    "ZIP": "L5B",
    "City": "Mississauga (West Cooksville / Fairview / City Centre / East Creditview)",
    "Ontario": "Ontario",
    "45.1953": 43.5665,
    "-76.1496": -79.6035
  },
  {
    "ZIP": "L5C",
    "City": "Mississauga (West Creditview / Mavis / Erindale)",
    "Ontario": "Ontario",
    "45.1953": 43.5591,
    "-76.1496": -79.6186
  },
  {
    "ZIP": "L5E",
    "City": "Mississauga (Central Lakeview)",
    "Ontario": "Ontario",
    "45.1953": 43.571,
    "-76.1496": -79.5668
  },
  {
    "ZIP": "L5G",
    "City": "Mississauga (SW Lakeview / Mineola / East Port Credit)",
    "Ontario": "Ontario",
    "45.1953": 43.5581,
    "-76.1496": -79.5738
  },
  {
    "ZIP": "L5H",
    "City": "Mississauga (West Port Credit / Lorne Park / East Sheridan)",
    "Ontario": "Ontario",
    "45.1953": 43.5472,
    "-76.1496": -79.585
  },
  {
    "ZIP": "L5J",
    "City": "Mississauga (Clarkson / Southdown)",
    "Ontario": "Ontario",
    "45.1953": 43.5146,
    "-76.1496": -79.6063
  },
  {
    "ZIP": "L5K",
    "City": "Mississauga (West Sheridan)",
    "Ontario": "Ontario",
    "45.1953": 43.5319,
    "-76.1496": -79.6403
  },
  {
    "ZIP": "L5L",
    "City": "Mississauga (Erin Mills / Western Business Park)",
    "Ontario": "Ontario",
    "45.1953": 43.5372,
    "-76.1496": -79.6667
  },
  {
    "ZIP": "L5M",
    "City": "Mississauga (Churchill Meadows / Central Erin Mills / South Streetsville)",
    "Ontario": "Ontario",
    "45.1953": 43.5747,
    "-76.1496": -79.7278
  },
  {
    "ZIP": "L5N",
    "City": "Mississauga (Lisgar / Meadowvale)",
    "Ontario": "Ontario",
    "45.1953": 43.5892,
    "-76.1496": -79.7239
  },
  {
    "ZIP": "L5P",
    "City": "Mississauga (YYZ)",
    "Ontario": "Ontario",
    "45.1953": 43.6904,
    "-76.1496": -79.6238
  },
  {
    "ZIP": "L5R",
    "City": "Mississauga (West Hurontario / SW Gateway)",
    "Ontario": "Ontario",
    "45.1953": 43.5974,
    "-76.1496": -79.6402
  },
  {
    "ZIP": "L5S",
    "City": "Mississauga (Cardiff / NE Gateway)",
    "Ontario": "Ontario",
    "45.1953": 43.6975,
    "-76.1496": -79.6615
  },
  {
    "ZIP": "L5T",
    "City": "Mississauga (Courtney Park / East Gateway)",
    "Ontario": "Ontario",
    "45.1953": 43.6578,
    "-76.1496": -79.6607
  },
  {
    "ZIP": "L5V",
    "City": "Mississauga (East Credit)",
    "Ontario": "Ontario",
    "45.1953": 43.6097,
    "-76.1496": -79.704
  },
  {
    "ZIP": "L5W",
    "City": "Mississauga (Meadowvale Village / West Gateway)",
    "Ontario": "Ontario",
    "45.1953": 43.6261,
    "-76.1496": -79.729
  },
  {
    "ZIP": "L6A",
    "City": "Maple",
    "Ontario": "Ontario",
    "45.1953": 43.857,
    "-76.1496": -79.514
  },
  {
    "ZIP": "L6B",
    "City": "Markham East",
    "Ontario": "Ontario",
    "45.1953": 43.8845,
    "-76.1496": -79.2339
  },
  {
    "ZIP": "L6C",
    "City": "Markham Northwest",
    "Ontario": "Ontario",
    "45.1953": 43.8842,
    "-76.1496": -79.3359
  },
  {
    "ZIP": "L6E",
    "City": "Markham Northeast",
    "Ontario": "Ontario",
    "45.1953": 43.8927,
    "-76.1496": -79.2641
  },
  {
    "ZIP": "L6G",
    "City": "Markham Inner Southwest",
    "Ontario": "Ontario",
    "45.1953": 43.8478,
    "-76.1496": -79.3447
  },
  {
    "ZIP": "L6H",
    "City": "Oakville North",
    "Ontario": "Ontario",
    "45.1953": 43.4543,
    "-76.1496": -79.6921
  },
  {
    "ZIP": "L6J",
    "City": "Oakville Northeast",
    "Ontario": "Ontario",
    "45.1953": 43.4427,
    "-76.1496": -79.6664
  },
  {
    "ZIP": "L6K",
    "City": "Oakville East",
    "Ontario": "Ontario",
    "45.1953": 43.4401,
    "-76.1496": -79.669
  },
  {
    "ZIP": "L6L",
    "City": "Oakville South",
    "Ontario": "Ontario",
    "45.1953": 43.4037,
    "-76.1496": -79.6934
  },
  {
    "ZIP": "L6M",
    "City": "Oakville West",
    "Ontario": "Ontario",
    "45.1953": 43.4453,
    "-76.1496": -79.7095
  },
  {
    "ZIP": "L6P",
    "City": "Brampton North",
    "Ontario": "Ontario",
    "45.1953": 43.7794,
    "-76.1496": -79.7284
  },
  {
    "ZIP": "L6R",
    "City": "Brampton Northwest",
    "Ontario": "Ontario",
    "45.1953": 43.7494,
    "-76.1496": -79.7511
  },
  {
    "ZIP": "L6S",
    "City": "Brampton North Central",
    "Ontario": "Ontario",
    "45.1953": 43.7153,
    "-76.1496": -79.7321
  },
  {
    "ZIP": "L6T",
    "City": "Brampton East",
    "Ontario": "Ontario",
    "45.1953": 43.6892,
    "-76.1496": -79.7079
  },
  {
    "ZIP": "L6V",
    "City": "Brampton Central",
    "Ontario": "Ontario",
    "45.1953": 43.7074,
    "-76.1496": -79.7853
  },
  {
    "ZIP": "L6W",
    "City": "Brampton Southeast",
    "Ontario": "Ontario",
    "45.1953": 43.6746,
    "-76.1496": -79.724
  },
  {
    "ZIP": "L6X",
    "City": "Brampton Southwest",
    "Ontario": "Ontario",
    "45.1953": 43.6858,
    "-76.1496": -79.7602
  },
  {
    "ZIP": "L6Y",
    "City": "Brampton South",
    "Ontario": "Ontario",
    "45.1953": 43.6699,
    "-76.1496": -79.7444
  },
  {
    "ZIP": "L6Z",
    "City": "Brampton West Central",
    "Ontario": "Ontario",
    "45.1953": 43.7304,
    "-76.1496": -79.8042
  },
  {
    "ZIP": "L7A",
    "City": "Brampton West",
    "Ontario": "Ontario",
    "45.1953": 43.7023,
    "-76.1496": -79.7909
  },
  {
    "ZIP": "L7B",
    "City": "King City",
    "Ontario": "Ontario",
    "45.1953": 43.9327,
    "-76.1496": -79.5104
  },
  {
    "ZIP": "L7C",
    "City": "Caledon",
    "Ontario": "Ontario",
    "45.1953": 43.7467,
    "-76.1496": -79.8304
  },
  {
    "ZIP": "L7E",
    "City": "Bolton",
    "Ontario": "Ontario",
    "45.1953": 43.8628,
    "-76.1496": -79.7147
  },
  {
    "ZIP": "L7G",
    "City": "Georgetown",
    "Ontario": "Ontario",
    "45.1953": 43.644,
    "-76.1496": -79.8787
  },
  {
    "ZIP": "L7J",
    "City": "Acton",
    "Ontario": "Ontario",
    "45.1953": 43.634,
    "-76.1496": -80.0491
  },
  {
    "ZIP": "L7L",
    "City": "Burlington Northeast",
    "Ontario": "Ontario",
    "45.1953": 43.3479,
    "-76.1496": -79.7593
  },
  {
    "ZIP": "L7M",
    "City": "Burlington North",
    "Ontario": "Ontario",
    "45.1953": 43.3585,
    "-76.1496": -79.8093
  },
  {
    "ZIP": "L7N",
    "City": "Burlington East",
    "Ontario": "Ontario",
    "45.1953": 43.3336,
    "-76.1496": -79.7771
  },
  {
    "ZIP": "L7P",
    "City": "Burlington West",
    "Ontario": "Ontario",
    "45.1953": 43.3503,
    "-76.1496": -79.8117
  },
  {
    "ZIP": "L7R",
    "City": "Burlington Southeast",
    "Ontario": "Ontario",
    "45.1953": 43.3248,
    "-76.1496": -79.7957
  },
  {
    "ZIP": "L7S",
    "City": "Burlington South",
    "Ontario": "Ontario",
    "45.1953": 43.304,
    "-76.1496": -79.7991
  },
  {
    "ZIP": "L7T",
    "City": "Burlington Southwest",
    "Ontario": "Ontario",
    "45.1953": 43.3018,
    "-76.1496": -79.8497
  },
  {
    "ZIP": "L8E",
    "City": "Hamilton (Confederation Park / Nashdale / East Kentley / Riverdale / Lakely / Grayside / North Stoney Creek)",
    "Ontario": "Ontario",
    "45.1953": 43.2318,
    "-76.1496": -79.7696
  },
  {
    "ZIP": "L8G",
    "City": "Hamilton (Greenford / North Gershome / West Stoney Creek)",
    "Ontario": "Ontario",
    "45.1953": 43.2298,
    "-76.1496": -79.7722
  },
  {
    "ZIP": "L8H",
    "City": "Hamilton (West Kentley / McQuesten / Parkview / Hamilton Beach / East Industrial Sector / Normanhurst / Homeside / East Crown Point)",
    "Ontario": "Ontario",
    "45.1953": 43.2369,
    "-76.1496": -79.7991
  },
  {
    "ZIP": "L8J",
    "City": "Hamilton (East Albion Falls / South Stoney Creek)",
    "Ontario": "Ontario",
    "45.1953": 43.1907,
    "-76.1496": -79.7878
  },
  {
    "ZIP": "L8K",
    "City": "Hamilton (East Delta / Bartonville / Glenview / Rosedale / Lower King's Forest / Red Hill / Corman / Vincent / South Gershome)",
    "Ontario": "Ontario",
    "45.1953": 43.2424,
    "-76.1496": -79.8192
  },
  {
    "ZIP": "L8L",
    "City": "Hamilton (West Industrial Sector / West Crown Point / North Stipley / North Gibson / Landsdale / Keith / North End / Beasley)",
    "Ontario": "Ontario",
    "45.1953": 43.2645,
    "-76.1496": -79.8664
  },
  {
    "ZIP": "L8M",
    "City": "Hamilton (West Delta / Blakeley / South Stipley / South Gibson / St. Clair)",
    "Ontario": "Ontario",
    "45.1953": 43.2522,
    "-76.1496": -79.8489
  },
  {
    "ZIP": "L8N",
    "City": "Hamilton (Stinson / Corktown)",
    "Ontario": "Ontario",
    "45.1953": 43.2566,
    "-76.1496": -79.8683
  },
  {
    "ZIP": "L8P",
    "City": "Hamilton (Durand / Kirkendall / Chedoke Park)",
    "Ontario": "Ontario",
    "45.1953": 43.257,
    "-76.1496": -79.8697
  },
  {
    "ZIP": "L8R",
    "City": "Hamilton (Central / Strathcona / South Dundurn)",
    "Ontario": "Ontario",
    "45.1953": 43.2574,
    "-76.1496": -79.8676
  },
  {
    "ZIP": "L8S",
    "City": "Hamilton (Westdale / Cootes Paradise / Ainslie Wood)",
    "Ontario": "Ontario",
    "45.1953": 43.2604,
    "-76.1496": -79.8961
  },
  {
    "ZIP": "L8T",
    "City": "Hamilton (Sherwood / Huntington / Upper King's Forest / Lisgar / Berrisfield / Hampton Heights / Sunninghill)",
    "Ontario": "Ontario",
    "45.1953": 43.2365,
    "-76.1496": -79.8338
  },
  {
    "ZIP": "L8V",
    "City": "Hamilton (Raleigh / Macassa / Lawfield / Thorner / Burkholme / Eastmount)",
    "Ontario": "Ontario",
    "45.1953": 43.2428,
    "-76.1496": -79.8524
  },
  {
    "ZIP": "L8W",
    "City": "Hamilton (West Albion Falls / Hannon / Rymal / Trenholme / Quinndale / Templemead / Broughton / Eleanor / Randall / Rushdale / Butler / East Chappel)",
    "Ontario": "Ontario",
    "45.1953": 43.2141,
    "-76.1496": -79.8626
  },
  {
    "ZIP": "L9A",
    "City": "Hamilton (Crerar / Bruleville / Hill Park / Inch Park / Centremount / Balfour / Greeningdon / Jerome)",
    "Ontario": "Ontario",
    "45.1953": 43.241,
    "-76.1496": -79.8452
  },
  {
    "ZIP": "L9B",
    "City": "Hamilton (Barnstown / West Chappel / Allison / Ryckmans / Mewburn / Sheldon / Falkirk / Carpenter / Kennedy / Southwest Outskirts)",
    "Ontario": "Ontario",
    "45.1953": 43.2116,
    "-76.1496": -79.8915
  },
  {
    "ZIP": "L9C",
    "City": "Hamilton (Southam / Bonnington / Yeoville / Kernighan / Gourley / Rolston / Buchanan / Mohawk / Westcliffe / Gilbert / Gilkson / Gurnett / Fessenden / Mountview)",
    "Ontario": "Ontario",
    "45.1953": 43.2432,
    "-76.1496": -79.876
  },
  {
    "ZIP": "L9G",
    "City": "Ancaster West",
    "Ontario": "Ontario",
    "45.1953": 43.2199,
    "-76.1496": -79.9874
  },
  {
    "ZIP": "L9H",
    "City": "Dundas",
    "Ontario": "Ontario",
    "45.1953": 43.2638,
    "-76.1496": -79.9505
  },
  {
    "ZIP": "L9K",
    "City": "Ancaster East",
    "Ontario": "Ontario",
    "45.1953": 43.2359,
    "-76.1496": -79.9403
  },
  {
    "ZIP": "L9L",
    "City": "Port Perry",
    "Ontario": "Ontario",
    "45.1953": 44.0905,
    "-76.1496": -78.9479
  },
  {
    "ZIP": "L9M",
    "City": "Penetanguishene",
    "Ontario": "Ontario",
    "45.1953": 44.7672,
    "-76.1496": -79.9385
  },
  {
    "ZIP": "L9N",
    "City": "Holland Landing",
    "Ontario": "Ontario",
    "45.1953": 44.1315,
    "-76.1496": -79.4823
  },
  {
    "ZIP": "L9P",
    "City": "Uxbridge",
    "Ontario": "Ontario",
    "45.1953": 44.1065,
    "-76.1496": -79.1427
  },
  {
    "ZIP": "L9R",
    "City": "Alliston",
    "Ontario": "Ontario",
    "45.1953": 44.1513,
    "-76.1496": -79.8744
  },
  {
    "ZIP": "L9S",
    "City": "Innisfil",
    "Ontario": "Ontario",
    "45.1953": 44.2871,
    "-76.1496": -79.6703
  },
  {
    "ZIP": "L9T",
    "City": "Milton",
    "Ontario": "Ontario",
    "45.1953": 43.5034,
    "-76.1496": -79.8773
  },
  {
    "ZIP": "L9V",
    "City": "Orangeville North",
    "Ontario": "Ontario",
    "45.1953": 43.9471,
    "-76.1496": -80.1091
  },
  {
    "ZIP": "L9W",
    "City": "Orangeville South",
    "Ontario": "Ontario",
    "45.1953": 43.9258,
    "-76.1496": -80.1056
  },
  {
    "ZIP": "L9Y",
    "City": "Collingwood",
    "Ontario": "Ontario",
    "45.1953": 44.5029,
    "-76.1496": -80.2176
  },
  {
    "ZIP": "L9Z",
    "City": "Wasaga Beach",
    "Ontario": "Ontario",
    "45.1953": 44.5208,
    "-76.1496": -80.0162
  },
  {
    "ZIP": "M1B",
    "City": "Scarborough (Malvern / Rouge River)",
    "Ontario": "Ontario",
    "45.1953": 43.7976,
    "-76.1496": -79.227
  },
  {
    "ZIP": "M1C",
    "City": "Scarborough (Rouge Hill / Port Union / Highland Creek)",
    "Ontario": "Ontario",
    "45.1953": 43.7882,
    "-76.1496": -79.1911
  },
  {
    "ZIP": "M1E",
    "City": "Scarborough (Guildwood / Morningside / Ellesmere)",
    "Ontario": "Ontario",
    "45.1953": 43.7385,
    "-76.1496": -79.2021
  },
  {
    "ZIP": "M1G",
    "City": "Scarborough (Woburn)",
    "Ontario": "Ontario",
    "45.1953": 43.7563,
    "-76.1496": -79.2224
  },
  {
    "ZIP": "M1H",
    "City": "Scarborough (Cedarbrae)",
    "Ontario": "Ontario",
    "45.1953": 43.7563,
    "-76.1496": -79.2417
  },
  {
    "ZIP": "M1J",
    "City": "Scarborough (Eglinton)",
    "Ontario": "Ontario",
    "45.1953": 43.7315,
    "-76.1496": -79.246
  },
  {
    "ZIP": "M1K",
    "City": "Scarborough (Kennedy Park / Ionview / East Birchmount Park)",
    "Ontario": "Ontario",
    "45.1953": 43.7025,
    "-76.1496": -79.2656
  },
  {
    "ZIP": "M1L",
    "City": "Scarborough (The Golden Mile / Clairlea / Oakridge / Birchmount Park East)",
    "Ontario": "Ontario",
    "45.1953": 43.6905,
    "-76.1496": -79.2857
  },
  {
    "ZIP": "M1M",
    "City": "Scarborough (Cliffside / Cliffcrest / Scarborough Village West)",
    "Ontario": "Ontario",
    "45.1953": 43.7041,
    "-76.1496": -79.2446
  },
  {
    "ZIP": "M1N",
    "City": "Scarborough (Birch Cliff / Cliffside West)",
    "Ontario": "Ontario",
    "45.1953": 43.6748,
    "-76.1496": -79.2764
  },
  {
    "ZIP": "M1P",
    "City": "Scarborough (Dorset Park / Wexford Heights / Scarborough Town Centre)",
    "Ontario": "Ontario",
    "45.1953": 43.7422,
    "-76.1496": -79.2818
  },
  {
    "ZIP": "M1R",
    "City": "Scarborough (Wexford / Maryvale)",
    "Ontario": "Ontario",
    "45.1953": 43.7293,
    "-76.1496": -79.3038
  },
  {
    "ZIP": "M1S",
    "City": "Scarborough (Agincourt)",
    "Ontario": "Ontario",
    "45.1953": 43.7807,
    "-76.1496": -79.2855
  },
  {
    "ZIP": "M1T",
    "City": "Scarborough (Clarks Corners / Tam O'Shanter / Sullivan)",
    "Ontario": "Ontario",
    "45.1953": 43.7719,
    "-76.1496": -79.3213
  },
  {
    "ZIP": "M1V",
    "City": "Scarborough (Milliken / Agincourt North / Steeles East / L'Amoreaux East)",
    "Ontario": "Ontario",
    "45.1953": 43.813,
    "-76.1496": -79.2781
  },
  {
    "ZIP": "M1W",
    "City": "Scarborough (Steeles West / L'Amoreaux West)",
    "Ontario": "Ontario",
    "45.1953": 43.7822,
    "-76.1496": -79.3261
  },
  {
    "ZIP": "M1X",
    "City": "Scarborough (Upper Rouge)",
    "Ontario": "Ontario",
    "45.1953": 43.8275,
    "-76.1496": -79.2437
  },
  {
    "ZIP": "M2H",
    "City": "North York (Hillcrest Village)",
    "Ontario": "Ontario",
    "45.1953": 43.7895,
    "-76.1496": -79.3735
  },
  {
    "ZIP": "M2J",
    "City": "North York (Fairview / Henry Farm / Oriole)",
    "Ontario": "Ontario",
    "45.1953": 43.7685,
    "-76.1496": -79.3584
  },
  {
    "ZIP": "M2K",
    "City": "North York (Bayview Village)",
    "Ontario": "Ontario",
    "45.1953": 43.7657,
    "-76.1496": -79.3835
  },
  {
    "ZIP": "M2L",
    "City": "North York (York Mills / Silver Hills)",
    "Ontario": "Ontario",
    "45.1953": 43.7352,
    "-76.1496": -79.3818
  },
  {
    "ZIP": "M2M",
    "City": "Willowdale East (Newtonbrook)",
    "Ontario": "Ontario",
    "45.1953": 43.784,
    "-76.1496": -79.4263
  },
  {
    "ZIP": "M2N",
    "City": "Willowdale South",
    "Ontario": "Ontario",
    "45.1953": 43.7521,
    "-76.1496": -79.4202
  },
  {
    "ZIP": "M2P",
    "City": "North York (York Mills West)",
    "Ontario": "Ontario",
    "45.1953": 43.7393,
    "-76.1496": -79.4005
  },
  {
    "ZIP": "M2R",
    "City": "Willowdale West",
    "Ontario": "Ontario",
    "45.1953": 43.7648,
    "-76.1496": -79.4325
  },
  {
    "ZIP": "M3A",
    "City": "North York (York Heights / Victoria Village / Parkway East)",
    "Ontario": "Ontario",
    "45.1953": 43.7358,
    "-76.1496": -79.328
  },
  {
    "ZIP": "M3B",
    "City": "Don Mills North",
    "Ontario": "Ontario",
    "45.1953": 43.7363,
    "-76.1496": -79.3498
  },
  {
    "ZIP": "M3C",
    "City": "Don Mills South (Flemingdon Park)",
    "Ontario": "Ontario",
    "45.1953": 43.7122,
    "-76.1496": -79.3237
  },
  {
    "ZIP": "M3H",
    "City": "North York (Armour Heights / Wilson Heights / Downsview North)",
    "Ontario": "Ontario",
    "45.1953": 43.7387,
    "-76.1496": -79.4337
  },
  {
    "ZIP": "M3J",
    "City": "North York (Northwood Park / York University)",
    "Ontario": "Ontario",
    "45.1953": 43.7496,
    "-76.1496": -79.4886
  },
  {
    "ZIP": "M3K",
    "City": "Downsview East (CFB Toronto)",
    "Ontario": "Ontario",
    "45.1953": 43.7271,
    "-76.1496": -79.4666
  },
  {
    "ZIP": "M3L",
    "City": "Downsview West",
    "Ontario": "Ontario",
    "45.1953": 43.7183,
    "-76.1496": -79.5119
  },
  {
    "ZIP": "M3M",
    "City": "Downsview Central",
    "Ontario": "Ontario",
    "45.1953": 43.72,
    "-76.1496": -79.5085
  },
  {
    "ZIP": "M3N",
    "City": "North York (Jane and Finch)",
    "Ontario": "Ontario",
    "45.1953": 43.7387,
    "-76.1496": -79.5166
  },
  {
    "ZIP": "M4A",
    "City": "North York (Sweeney Park / Wigmore Park)",
    "Ontario": "Ontario",
    "45.1953": 43.7159,
    "-76.1496": -79.3037
  },
  {
    "ZIP": "M4B",
    "City": "East York (Parkview Hill / Woodbine Gardens)",
    "Ontario": "Ontario",
    "45.1953": 43.6979,
    "-76.1496": -79.2986
  },
  {
    "ZIP": "M4C",
    "City": "East York (Woodbine Heights)",
    "Ontario": "Ontario",
    "45.1953": 43.68,
    "-76.1496": -79.3218
  },
  {
    "ZIP": "M4E",
    "City": "East Toronto (The Beaches)",
    "Ontario": "Ontario",
    "45.1953": 43.6675,
    "-76.1496": -79.296
  },
  {
    "ZIP": "M4G",
    "City": "East York (Leaside)",
    "Ontario": "Ontario",
    "45.1953": 43.6918,
    "-76.1496": -79.3708
  },
  {
    "ZIP": "M4H",
    "City": "East York (Thorncliffe Park)",
    "Ontario": "Ontario",
    "45.1953": 43.7018,
    "-76.1496": -79.3578
  },
  {
    "ZIP": "M4J",
    "City": "East Toronto (The Danforth East)",
    "Ontario": "Ontario",
    "45.1953": 43.6713,
    "-76.1496": -79.3412
  },
  {
    "ZIP": "M4K",
    "City": "East Toronto (The Danforth West / Riverdale)",
    "Ontario": "Ontario",
    "45.1953": 43.6668,
    "-76.1496": -79.3501
  },
  {
    "ZIP": "M4L",
    "City": "East Toronto (India Bazaar / The Beaches West)",
    "Ontario": "Ontario",
    "45.1953": 43.662,
    "-76.1496": -79.3281
  },
  {
    "ZIP": "M4M",
    "City": "East Toronto (Studio District)",
    "Ontario": "Ontario",
    "45.1953": 43.6505,
    "-76.1496": -79.3369
  },
  {
    "ZIP": "M4N",
    "City": "Central Toronto (Lawrence Park East)",
    "Ontario": "Ontario",
    "45.1953": 43.7168,
    "-76.1496": -79.3998
  },
  {
    "ZIP": "M4P",
    "City": "Central Toronto (Davisville North)",
    "Ontario": "Ontario",
    "45.1953": 43.7066,
    "-76.1496": -79.398
  },
  {
    "ZIP": "M4R",
    "City": "Central Toronto (North Toronto West)",
    "Ontario": "Ontario",
    "45.1953": 43.7066,
    "-76.1496": -79.3996
  },
  {
    "ZIP": "M4S",
    "City": "Central Toronto (Davisville)",
    "Ontario": "Ontario",
    "45.1953": 43.6964,
    "-76.1496": -79.3953
  },
  {
    "ZIP": "M4T",
    "City": "Central Toronto (Moore Park / Summerhill East)",
    "Ontario": "Ontario",
    "45.1953": 43.6825,
    "-76.1496": -79.3897
  },
  {
    "ZIP": "M4V",
    "City": "Central Toronto (Summerhill West / Rathnelly / South Hill / Forest Hill SE / Deer Park)",
    "Ontario": "Ontario",
    "45.1953": 43.6778,
    "-76.1496": -79.3992
  },
  {
    "ZIP": "M4W",
    "City": "Downtown Toronto (Rosedale)",
    "Ontario": "Ontario",
    "45.1953": 43.6699,
    "-76.1496": -79.3887
  },
  {
    "ZIP": "M4X",
    "City": "Downtown Toronto (St. James Town / Cabbagetown)",
    "Ontario": "Ontario",
    "45.1953": 43.6647,
    "-76.1496": -79.3695
  },
  {
    "ZIP": "M4Y",
    "City": "Downtown Toronto (Church and Wellesley)",
    "Ontario": "Ontario",
    "45.1953": 43.6618,
    "-76.1496": -79.3847
  },
  {
    "ZIP": "M5A",
    "City": "Downtown Toronto (Regent Park / Port of Toronto)",
    "Ontario": "Ontario",
    "45.1953": 43.6369,
    "-76.1496": -79.3505
  },
  {
    "ZIP": "M5B",
    "City": "Downtown Toronto (Ryerson)",
    "Ontario": "Ontario",
    "45.1953": 43.6543,
    "-76.1496": -79.3796
  },
  {
    "ZIP": "M5C",
    "City": "Downtown Toronto (St. James Park)",
    "Ontario": "Ontario",
    "45.1953": 43.687,
    "-76.1496": -79.5318
  },
  {
    "ZIP": "M5E",
    "City": "Downtown Toronto (Berczy Park)",
    "Ontario": "Ontario",
    "45.1953": 43.639,
    "-76.1496": -79.4499
  },
  {
    "ZIP": "M5G",
    "City": "Downtown Toronto (Central Bay Street)",
    "Ontario": "Ontario",
    "45.1953": 43.6519,
    "-76.1496": -79.3874
  },
  {
    "ZIP": "M5H",
    "City": "Downtown Toronto (Richmond / Adelaide / King)",
    "Ontario": "Ontario",
    "45.1953": 43.649,
    "-76.1496": -79.3784
  },
  {
    "ZIP": "M5J",
    "City": "Downtown Toronto (Harbourfront East / Union Station / Toronto Island)",
    "Ontario": "Ontario",
    "45.1953": 43.6441,
    "-76.1496": -79.3801
  },
  {
    "ZIP": "M5K",
    "City": "Downtown Toronto (Toronto Dominion Centre / Design Exchange)",
    "Ontario": "Ontario",
    "45.1953": 43.6469,
    "-76.1496": -79.3823
  },
  {
    "ZIP": "M5L",
    "City": "Downtown Toronto (Commerce Court / Victoria Hotel)",
    "Ontario": "Ontario",
    "45.1953": 43.6492,
    "-76.1496": -79.3823
  },
  {
    "ZIP": "M5M",
    "City": "North York (Bedford Park / Lawrence Park West / Lawrence Manor East)",
    "Ontario": "Ontario",
    "45.1953": 43.7248,
    "-76.1496": -79.4033
  },
  {
    "ZIP": "M5N",
    "City": "Central Toronto (Roselawn)",
    "Ontario": "Ontario",
    "45.1953": 43.7043,
    "-76.1496": -79.4093
  },
  {
    "ZIP": "M5P",
    "City": "Central Toronto (Forest Hill North & West)",
    "Ontario": "Ontario",
    "45.1953": 43.6981,
    "-76.1496": -79.3987
  },
  {
    "ZIP": "M5R",
    "City": "Central Toronto (The Annex / North Midtown / Yorkville)",
    "Ontario": "Ontario",
    "45.1953": 43.6705,
    "-76.1496": -79.3901
  },
  {
    "ZIP": "M5S",
    "City": "Downtown Toronto (University of Toronto / Harbord)",
    "Ontario": "Ontario",
    "45.1953": 43.6619,
    "-76.1496": -79.3952
  },
  {
    "ZIP": "M5T",
    "City": "Downtown Toronto (Kensington Market / Chinatown / Grange Park)",
    "Ontario": "Ontario",
    "45.1953": 43.6497,
    "-76.1496": -79.3952
  },
  {
    "ZIP": "M5V",
    "City": "Downtown Toronto (CN Tower / King and Spadina / Railway Lands / Harbourfront West / Bathurst Quay / South Niagara / YTZ)",
    "Ontario": "Ontario",
    "45.1953": 43.6525,
    "-76.1496": -79.3686
  },
  {
    "ZIP": "M5W",
    "City": "Downtown Toronto Stn A PO Boxes 25 The Esplanade (Enclave of M5E)",
    "Ontario": "Ontario",
    "45.1953": 43.6437,
    "-76.1496": -79.3787
  },
  {
    "ZIP": "M5X",
    "City": "Downtown Toronto (Underground city)",
    "Ontario": "Ontario",
    "45.1953": 43.6492,
    "-76.1496": -79.3823
  },
  {
    "ZIP": "M6A",
    "City": "North York (Lawrence Manor / Lawrence Heights)",
    "Ontario": "Ontario",
    "45.1953": 43.7193,
    "-76.1496": -79.43
  },
  {
    "ZIP": "M6B",
    "City": "North York (Glencairn)",
    "Ontario": "Ontario",
    "45.1953": 43.7054,
    "-76.1496": -79.4272
  },
  {
    "ZIP": "M6C",
    "City": "York (Cedarvale)",
    "Ontario": "Ontario",
    "45.1953": 43.683,
    "-76.1496": -79.4184
  },
  {
    "ZIP": "M6E",
    "City": "York (Fairbank / Oakwood)",
    "Ontario": "Ontario",
    "45.1953": 43.6797,
    "-76.1496": -79.4358
  },
  {
    "ZIP": "M6G",
    "City": "Downtown Toronto (Christie)",
    "Ontario": "Ontario",
    "45.1953": 43.6565,
    "-76.1496": -79.4079
  },
  {
    "ZIP": "M6H",
    "City": "West Toronto (Dufferin / Dovercourt Village)",
    "Ontario": "Ontario",
    "45.1953": 43.6536,
    "-76.1496": -79.4258
  },
  {
    "ZIP": "M6J",
    "City": "West Toronto (Rua A�ores / Trinity)",
    "Ontario": "Ontario",
    "45.1953": 43.644,
    "-76.1496": -79.4062
  },
  {
    "ZIP": "M6K",
    "City": "West Toronto (Brockton / Parkdale Village / Exhibition Place)",
    "Ontario": "Ontario",
    "45.1953": 43.6392,
    "-76.1496": -79.4058
  },
  {
    "ZIP": "M6L",
    "City": "North York (North Park / Maple Leaf Park / Upwood Park)",
    "Ontario": "Ontario",
    "45.1953": 43.7103,
    "-76.1496": -79.4714
  },
  {
    "ZIP": "M6M",
    "City": "York (Del Ray / Keelsdale / Mount Dennis / Silverthorne)",
    "Ontario": "Ontario",
    "45.1953": 43.6815,
    "-76.1496": -79.4668
  },
  {
    "ZIP": "M6N",
    "City": "York (Runnymede / The Junction North)",
    "Ontario": "Ontario",
    "45.1953": 43.668,
    "-76.1496": -79.4515
  },
  {
    "ZIP": "M6P",
    "City": "West Toronto (High Park / The Junction South)",
    "Ontario": "Ontario",
    "45.1953": 43.6558,
    "-76.1496": -79.4663
  },
  {
    "ZIP": "M6R",
    "City": "West Toronto (Parkdale / Roncesvalles Village)",
    "Ontario": "Ontario",
    "45.1953": 43.6403,
    "-76.1496": -79.4374
  },
  {
    "ZIP": "M6S",
    "City": "West Toronto (Bloor West Village / Swansea)",
    "Ontario": "Ontario",
    "45.1953": 43.6358,
    "-76.1496": -79.4668
  },
  {
    "ZIP": "M7A",
    "City": "Queen's Park Ontario Provincial Government",
    "Ontario": "Ontario",
    "45.1953": 43.6641,
    "-76.1496": -79.3889
  },
  {
    "ZIP": "M7Y",
    "City": "East Toronto Business Reply Mail Processing Centre 969 Eastern (Enclave of M4L)",
    "Ontario": "Ontario",
    "45.1953": 43.7804,
    "-76.1496": -79.2505
  },
  {
    "ZIP": "M8V",
    "City": "Etobicoke (New Toronto / Mimico South / Humber Bay Shores)",
    "Ontario": "Ontario",
    "45.1953": 43.6305,
    "-76.1496": -79.4762
  },
  {
    "ZIP": "M8W",
    "City": "Etobicoke (Alderwood / Long Branch)",
    "Ontario": "Ontario",
    "45.1953": 43.5908,
    "-76.1496": -79.5218
  },
  {
    "ZIP": "M8X",
    "City": "Etobicoke (The Kingsway / Montgomery Road / Old Mill North)",
    "Ontario": "Ontario",
    "45.1953": 43.649,
    "-76.1496": -79.4977
  },
  {
    "ZIP": "M8Y",
    "City": "Etobicoke (Old Mill South / King's Mill Park / Sunnylea / Humber Bay / Mimico NE / The Queensway East / Royal York South East / Kingsway Park South East)",
    "Ontario": "Ontario",
    "45.1953": 43.6181,
    "-76.1496": -79.4967
  },
  {
    "ZIP": "M8Z",
    "City": "Etobicoke (Mimico NW / The Queensway West / South of Bloor / Kingsway Park South West / Royal York South West)",
    "Ontario": "Ontario",
    "45.1953": 43.6053,
    "-76.1496": -79.5201
  },
  {
    "ZIP": "M9A",
    "City": "Etobicoke (Islington Avenue)",
    "Ontario": "Ontario",
    "45.1953": 43.6434,
    "-76.1496": -79.5297
  },
  {
    "ZIP": "M9B",
    "City": "Etobicoke (West Deane Park / Princess Gardens / Martin Grove / Islington / Cloverdale)",
    "Ontario": "Ontario",
    "45.1953": 43.6383,
    "-76.1496": -79.5356
  },
  {
    "ZIP": "M9C",
    "City": "Etobicoke (Eringate / Bloordale Gardens / Old Burnhamthorpe / Markland Woods)",
    "Ontario": "Ontario",
    "45.1953": 43.6088,
    "-76.1496": -79.5574
  },
  {
    "ZIP": "M9L",
    "City": "North York (Humber Summit)",
    "Ontario": "Ontario",
    "45.1953": 43.7494,
    "-76.1496": -79.5614
  },
  {
    "ZIP": "M9M",
    "City": "North York (Humberlea / Emery)",
    "Ontario": "Ontario",
    "45.1953": 43.7182,
    "-76.1496": -79.5216
  },
  {
    "ZIP": "M9N",
    "City": "Weston",
    "Ontario": "Ontario",
    "45.1953": 43.7087,
    "-76.1496": -79.5287
  },
  {
    "ZIP": "M9P",
    "City": "Etobicoke (Westmount)",
    "Ontario": "Ontario",
    "45.1953": 43.6814,
    "-76.1496": -79.5367
  },
  {
    "ZIP": "M9R",
    "City": "Etobicoke (Kingsview Village / St. Phillips / Martin Grove Gardens / Richview Gardens)",
    "Ontario": "Ontario",
    "45.1953": 43.6808,
    "-76.1496": -79.5438
  },
  {
    "ZIP": "M9V",
    "City": "Etobicoke (South Steeles / Silverstone / Humbergate / Jamestown / Mount Olive / Beaumond Heights / Thistletown / Albion Gardens)",
    "Ontario": "Ontario",
    "45.1953": 43.73,
    "-76.1496": -79.5542
  },
  {
    "ZIP": "M9W",
    "City": "Etobicoke Northwest (Clairville / Humberwood / Woodbine Downs / West Humber / Kipling Heights / Rexdale / Elms / Tandridge / Old Rexdale)",
    "Ontario": "Ontario",
    "45.1953": 43.6772,
    "-76.1496": -79.5894
  },
  {
    "ZIP": "N0A",
    "City": "West Haldimand (Port Dover)",
    "Ontario": "Ontario",
    "45.1953": 42.9466,
    "-76.1496": -79.8509
  },
  {
    "ZIP": "N0B",
    "City": "Wellington (Elora)",
    "Ontario": "Ontario",
    "45.1953": 43.7722,
    "-76.1496": -80.6586
  },
  {
    "ZIP": "N0C",
    "City": "Georgian Bay Southwest Shore (Dundalk)",
    "Ontario": "Ontario",
    "45.1953": 44.2999,
    "-76.1496": -80.4804
  },
  {
    "ZIP": "N0E",
    "City": "Brant and Norfolk (Waterford)",
    "Ontario": "Ontario",
    "45.1953": 43.0986,
    "-76.1496": -80.5633
  },
  {
    "ZIP": "N0G",
    "City": "Huron (Wingham)",
    "Ontario": "Ontario",
    "45.1953": 43.8567,
    "-76.1496": -81.4023
  },
  {
    "ZIP": "N0H",
    "City": "Bruce Peninsula (Wiarton)",
    "Ontario": "Ontario",
    "45.1953": 44.3483,
    "-76.1496": -80.914
  },
  {
    "ZIP": "N0J",
    "City": "Oxford (Norwich)",
    "Ontario": "Ontario",
    "45.1953": 43.221,
    "-76.1496": -80.5613
  },
  {
    "ZIP": "N0K",
    "City": "Perth (Mitchell)",
    "Ontario": "Ontario",
    "45.1953": 43.5838,
    "-76.1496": -81.2351
  },
  {
    "ZIP": "N0L",
    "City": "Elgin (Dorchester)",
    "Ontario": "Ontario",
    "45.1953": 42.8188,
    "-76.1496": -81.6437
  },
  {
    "ZIP": "N0M",
    "City": "Middlesex (Clinton)",
    "Ontario": "Ontario",
    "45.1953": 43.5651,
    "-76.1496": -81.6986
  },
  {
    "ZIP": "N0N",
    "City": "Lambton (Forest)",
    "Ontario": "Ontario",
    "45.1953": 42.7967,
    "-76.1496": -81.7938
  },
  {
    "ZIP": "N0P",
    "City": "Kent (Blenheim)",
    "Ontario": "Ontario",
    "45.1953": 42.5323,
    "-76.1496": -81.7991
  },
  {
    "ZIP": "N0R",
    "City": "Essex (Belle River)",
    "Ontario": "Ontario",
    "45.1953": 42.2932,
    "-76.1496": -82.7075
  },
  {
    "ZIP": "N1A",
    "City": "Dunnville",
    "Ontario": "Ontario",
    "45.1953": 42.9132,
    "-76.1496": -79.6101
  },
  {
    "ZIP": "N1C",
    "City": "Guelph South",
    "Ontario": "Ontario",
    "45.1953": 43.5036,
    "-76.1496": -80.2394
  },
  {
    "ZIP": "N1E",
    "City": "Guelph North",
    "Ontario": "Ontario",
    "45.1953": 43.5749,
    "-76.1496": -80.2688
  },
  {
    "ZIP": "N1G",
    "City": "Guelph Central",
    "Ontario": "Ontario",
    "45.1953": 43.5325,
    "-76.1496": -80.2531
  },
  {
    "ZIP": "N1H",
    "City": "Guelph Northwest",
    "Ontario": "Ontario",
    "45.1953": 43.555,
    "-76.1496": -80.2868
  },
  {
    "ZIP": "N1K",
    "City": "Guelph West",
    "Ontario": "Ontario",
    "45.1953": 43.5156,
    "-76.1496": -80.2827
  },
  {
    "ZIP": "N1L",
    "City": "Guelph East",
    "Ontario": "Ontario",
    "45.1953": 43.5225,
    "-76.1496": -80.2095
  },
  {
    "ZIP": "N1M",
    "City": "Fergus",
    "Ontario": "Ontario",
    "45.1953": 43.7157,
    "-76.1496": -80.387
  },
  {
    "ZIP": "N1P",
    "City": "Cambridge South",
    "Ontario": "Ontario",
    "45.1953": 43.3372,
    "-76.1496": -80.3021
  },
  {
    "ZIP": "N1R",
    "City": "Cambridge Central",
    "Ontario": "Ontario",
    "45.1953": 43.3831,
    "-76.1496": -80.3191
  },
  {
    "ZIP": "N1S",
    "City": "Cambridge Southwest",
    "Ontario": "Ontario",
    "45.1953": 43.3742,
    "-76.1496": -80.3457
  },
  {
    "ZIP": "N1T",
    "City": "Cambridge East",
    "Ontario": "Ontario",
    "45.1953": 43.4067,
    "-76.1496": -80.3037
  },
  {
    "ZIP": "N2A",
    "City": "Kitchener East",
    "Ontario": "Ontario",
    "45.1953": 43.4353,
    "-76.1496": -80.4527
  },
  {
    "ZIP": "N2B",
    "City": "Kitchener Northeast",
    "Ontario": "Ontario",
    "45.1953": 43.448,
    "-76.1496": -80.4589
  },
  {
    "ZIP": "N2C",
    "City": "Kitchener South Central",
    "Ontario": "Ontario",
    "45.1953": 43.4346,
    "-76.1496": -80.4532
  },
  {
    "ZIP": "N2E",
    "City": "Kitchener Southwest",
    "Ontario": "Ontario",
    "45.1953": 43.4236,
    "-76.1496": -80.48
  },
  {
    "ZIP": "N2G",
    "City": "Kitchener Central",
    "Ontario": "Ontario",
    "45.1953": 43.4497,
    "-76.1496": -80.4893
  },
  {
    "ZIP": "N2H",
    "City": "Kitchener North Central",
    "Ontario": "Ontario",
    "45.1953": 43.4487,
    "-76.1496": -80.4849
  },
  {
    "ZIP": "N2J",
    "City": "Waterloo Southeast",
    "Ontario": "Ontario",
    "45.1953": 43.4613,
    "-76.1496": -80.507
  },
  {
    "ZIP": "N2K",
    "City": "Kitchener North",
    "Ontario": "Ontario",
    "45.1953": 43.4801,
    "-76.1496": -80.4801
  },
  {
    "ZIP": "N2L",
    "City": "Waterloo South",
    "Ontario": "Ontario",
    "45.1953": 43.4529,
    "-76.1496": -80.5281
  },
  {
    "ZIP": "N2M",
    "City": "Kitchener Northwest",
    "Ontario": "Ontario",
    "45.1953": 43.4422,
    "-76.1496": -80.4968
  },
  {
    "ZIP": "N2N",
    "City": "Kitchener West",
    "Ontario": "Ontario",
    "45.1953": 43.4241,
    "-76.1496": -80.5214
  },
  {
    "ZIP": "N2P",
    "City": "Kitchener Southeast",
    "Ontario": "Ontario",
    "45.1953": 43.3938,
    "-76.1496": -80.4443
  },
  {
    "ZIP": "N2R",
    "City": "Kitchener South",
    "Ontario": "Ontario",
    "45.1953": 43.3965,
    "-76.1496": -80.4575
  },
  {
    "ZIP": "N2T",
    "City": "Waterloo Southwest",
    "Ontario": "Ontario",
    "45.1953": 43.4511,
    "-76.1496": -80.5572
  },
  {
    "ZIP": "N2V",
    "City": "Waterloo Northwest",
    "Ontario": "Ontario",
    "45.1953": 43.5036,
    "-76.1496": -80.5413
  },
  {
    "ZIP": "N2Z",
    "City": "Kincardine",
    "Ontario": "Ontario",
    "45.1953": 44.1821,
    "-76.1496": -81.6373
  },
  {
    "ZIP": "N3A",
    "City": "Baden",
    "Ontario": "Ontario",
    "45.1953": 43.4161,
    "-76.1496": -80.688
  },
  {
    "ZIP": "N3B",
    "City": "Elmira",
    "Ontario": "Ontario",
    "45.1953": 43.5852,
    "-76.1496": -80.5662
  },
  {
    "ZIP": "N3C",
    "City": "Cambridge Northeast",
    "Ontario": "Ontario",
    "45.1953": 43.4317,
    "-76.1496": -80.3112
  },
  {
    "ZIP": "N3E",
    "City": "Cambridge Northwest",
    "Ontario": "Ontario",
    "45.1953": 43.4244,
    "-76.1496": -80.3364
  },
  {
    "ZIP": "N3H",
    "City": "Cambridge West",
    "Ontario": "Ontario",
    "45.1953": 43.4061,
    "-76.1496": -80.3503
  },
  {
    "ZIP": "N3L",
    "City": "Paris",
    "Ontario": "Ontario",
    "45.1953": 43.1834,
    "-76.1496": -80.3749
  },
  {
    "ZIP": "N3P",
    "City": "Brantford Northeast",
    "Ontario": "Ontario",
    "45.1953": 43.1884,
    "-76.1496": -80.2422
  },
  {
    "ZIP": "N3R",
    "City": "Brantford Central",
    "Ontario": "Ontario",
    "45.1953": 43.1501,
    "-76.1496": -80.2766
  },
  {
    "ZIP": "N3S",
    "City": "Brantford Southeast",
    "Ontario": "Ontario",
    "45.1953": 43.1242,
    "-76.1496": -80.2412
  },
  {
    "ZIP": "N3T",
    "City": "Brantford Southwest",
    "Ontario": "Ontario",
    "45.1953": 43.1094,
    "-76.1496": -80.275
  },
  {
    "ZIP": "N3V",
    "City": "Brantford Northwest",
    "Ontario": "Ontario",
    "45.1953": 43.1704,
    "-76.1496": -80.2937
  },
  {
    "ZIP": "N3W",
    "City": "Caledonia",
    "Ontario": "Ontario",
    "45.1953": 43.0776,
    "-76.1496": -79.9639
  },
  {
    "ZIP": "N3Y",
    "City": "Simcoe",
    "Ontario": "Ontario",
    "45.1953": 42.8126,
    "-76.1496": -80.3091
  },
  {
    "ZIP": "N4B",
    "City": "Delhi",
    "Ontario": "Ontario",
    "45.1953": 42.824,
    "-76.1496": -80.4811
  },
  {
    "ZIP": "N4G",
    "City": "Tillsonburg",
    "Ontario": "Ontario",
    "45.1953": 42.8806,
    "-76.1496": -80.7527
  },
  {
    "ZIP": "N4K",
    "City": "Owen Sound",
    "Ontario": "Ontario",
    "45.1953": 44.5519,
    "-76.1496": -80.9385
  },
  {
    "ZIP": "N4L",
    "City": "Meaford",
    "Ontario": "Ontario",
    "45.1953": 44.6079,
    "-76.1496": -80.5922
  },
  {
    "ZIP": "N4N",
    "City": "Hanover",
    "Ontario": "Ontario",
    "45.1953": 44.1385,
    "-76.1496": -81.0237
  },
  {
    "ZIP": "N4S",
    "City": "Woodstock Central",
    "Ontario": "Ontario",
    "45.1953": 43.1277,
    "-76.1496": -80.7743
  },
  {
    "ZIP": "N4T",
    "City": "Woodstock North",
    "Ontario": "Ontario",
    "45.1953": 43.1477,
    "-76.1496": -80.7285
  },
  {
    "ZIP": "N4V",
    "City": "Woodstock South",
    "Ontario": "Ontario",
    "45.1953": 43.1127,
    "-76.1496": -80.7368
  },
  {
    "ZIP": "N4W",
    "City": "Listowel",
    "Ontario": "Ontario",
    "45.1953": 43.7315,
    "-76.1496": -80.9533
  },
  {
    "ZIP": "N4X",
    "City": "St. Mary's",
    "Ontario": "Ontario",
    "45.1953": 43.261,
    "-76.1496": -81.1516
  },
  {
    "ZIP": "N4Z",
    "City": "Stratford South",
    "Ontario": "Ontario",
    "45.1953": 43.3555,
    "-76.1496": -80.9961
  },
  {
    "ZIP": "N5A",
    "City": "Stratford North",
    "Ontario": "Ontario",
    "45.1953": 43.3717,
    "-76.1496": -80.9844
  },
  {
    "ZIP": "N5C",
    "City": "Ingersoll",
    "Ontario": "Ontario",
    "45.1953": 43.027,
    "-76.1496": -80.8706
  },
  {
    "ZIP": "N5H",
    "City": "Aylmer",
    "Ontario": "Ontario",
    "45.1953": 42.7797,
    "-76.1496": -80.9864
  },
  {
    "ZIP": "N5L",
    "City": "Port Stanley",
    "Ontario": "Ontario",
    "45.1953": 42.6652,
    "-76.1496": -81.2018
  },
  {
    "ZIP": "N5P",
    "City": "St. Thomas North",
    "Ontario": "Ontario",
    "45.1953": 42.7788,
    "-76.1496": -81.2134
  },
  {
    "ZIP": "N5R",
    "City": "St. Thomas South",
    "Ontario": "Ontario",
    "45.1953": 42.7725,
    "-76.1496": -81.2003
  },
  {
    "ZIP": "N5V",
    "City": "London (YXU / North and East Argyle / East Huron Heights)",
    "Ontario": "Ontario",
    "45.1953": 42.9927,
    "-76.1496": -81.1686
  },
  {
    "ZIP": "N5W",
    "City": "London East (SW Argyle / Hamilton Road)",
    "Ontario": "Ontario",
    "45.1953": 42.9778,
    "-76.1496": -81.1941
  },
  {
    "ZIP": "N5X",
    "City": "London (Fanshawe / Stoneybrook / Stoney Creek / Uplands / East Masonville)",
    "Ontario": "Ontario",
    "45.1953": 43.0303,
    "-76.1496": -81.2676
  },
  {
    "ZIP": "N5Y",
    "City": "London (West Huron Heights / Carling)",
    "Ontario": "Ontario",
    "45.1953": 43.0093,
    "-76.1496": -81.21
  },
  {
    "ZIP": "N5Z",
    "City": "London (Glen Cairn)",
    "Ontario": "Ontario",
    "45.1953": 42.9743,
    "-76.1496": -81.1946
  },
  {
    "ZIP": "N6A",
    "City": "London North (UWO)",
    "Ontario": "Ontario",
    "45.1953": 42.9793,
    "-76.1496": -81.2556
  },
  {
    "ZIP": "N6B",
    "City": "London Central",
    "Ontario": "Ontario",
    "45.1953": 42.9759,
    "-76.1496": -81.229
  },
  {
    "ZIP": "N6C",
    "City": "London South (East Highland / North White Oaks / North Westminster)",
    "Ontario": "Ontario",
    "45.1953": 42.9799,
    "-76.1496": -81.2609
  },
  {
    "ZIP": "N6E",
    "City": "London (South White Oaks / Central Westminster / East Longwoods / West Brockley)",
    "Ontario": "Ontario",
    "45.1953": 42.9419,
    "-76.1496": -81.2475
  },
  {
    "ZIP": "N6G",
    "City": "London (Sunningdale / West Masonville / Medway / NE Hyde Park / East Fox Hollow)",
    "Ontario": "Ontario",
    "45.1953": 42.9943,
    "-76.1496": -81.2623
  },
  {
    "ZIP": "N6H",
    "City": "London West (Central Hyde Park / Oakridge)",
    "Ontario": "Ontario",
    "45.1953": 42.9899,
    "-76.1496": -81.2607
  },
  {
    "ZIP": "N6J",
    "City": "London (Southcrest / East Westmount / West Highland)",
    "Ontario": "Ontario",
    "45.1953": 42.9797,
    "-76.1496": -81.2639
  },
  {
    "ZIP": "N6K",
    "City": "London (Riverbend / Woodhull / North Sharon Creek / Byron / West Westmount)",
    "Ontario": "Ontario",
    "45.1953": 42.9627,
    "-76.1496": -81.2948
  },
  {
    "ZIP": "N6L",
    "City": "London (East Tempo)",
    "Ontario": "Ontario",
    "45.1953": 42.9344,
    "-76.1496": -81.2802
  },
  {
    "ZIP": "N6M",
    "City": "London (Jackson / Old Victoria / Bradley / North Highbury)",
    "Ontario": "Ontario",
    "45.1953": 42.9922,
    "-76.1496": -81.1398
  },
  {
    "ZIP": "N6N",
    "City": "London (South Highbury / Glanworth / East Brockley / SE Westminster)",
    "Ontario": "Ontario",
    "45.1953": 42.9324,
    "-76.1496": -81.1916
  },
  {
    "ZIP": "N6P",
    "City": "London (Talbot / Lambeth / West Tempo / South Sharon Creek)",
    "Ontario": "Ontario",
    "45.1953": 42.9114,
    "-76.1496": -81.2999
  },
  {
    "ZIP": "N7A",
    "City": "Goderich",
    "Ontario": "Ontario",
    "45.1953": 43.7347,
    "-76.1496": -81.7105
  },
  {
    "ZIP": "N7G",
    "City": "Strathroy",
    "Ontario": "Ontario",
    "45.1953": 42.9625,
    "-76.1496": -81.6081
  },
  {
    "ZIP": "N7L",
    "City": "Chatham Northwest",
    "Ontario": "Ontario",
    "45.1953": 42.4029,
    "-76.1496": -82.1941
  },
  {
    "ZIP": "N7M",
    "City": "Chatham Southeast",
    "Ontario": "Ontario",
    "45.1953": 42.3997,
    "-76.1496": -82.1996
  },
  {
    "ZIP": "N7S",
    "City": "Sarnia Central",
    "Ontario": "Ontario",
    "45.1953": 42.9607,
    "-76.1496": -82.3718
  },
  {
    "ZIP": "N7T",
    "City": "Sarnia Southwest",
    "Ontario": "Ontario",
    "45.1953": 42.971,
    "-76.1496": -82.4084
  },
  {
    "ZIP": "N7V",
    "City": "Sarnia Northwest",
    "Ontario": "Ontario",
    "45.1953": 42.9891,
    "-76.1496": -82.399
  },
  {
    "ZIP": "N7W",
    "City": "Sarnia Southeast",
    "Ontario": "Ontario",
    "45.1953": 42.9838,
    "-76.1496": -82.3214
  },
  {
    "ZIP": "N7X",
    "City": "Sarnia Northeast",
    "Ontario": "Ontario",
    "45.1953": 43.0147,
    "-76.1496": -82.3417
  },
  {
    "ZIP": "N8A",
    "City": "Wallaceburg",
    "Ontario": "Ontario",
    "45.1953": 42.5799,
    "-76.1496": -82.3823
  },
  {
    "ZIP": "N8H",
    "City": "Leamington",
    "Ontario": "Ontario",
    "45.1953": 42.0606,
    "-76.1496": -82.6029
  },
  {
    "ZIP": "N8M",
    "City": "Essex",
    "Ontario": "Ontario",
    "45.1953": 42.1754,
    "-76.1496": -82.8226
  },
  {
    "ZIP": "N8N",
    "City": "Tecumseh Outskirts",
    "Ontario": "Ontario",
    "45.1953": 42.3326,
    "-76.1496": -82.8926
  },
  {
    "ZIP": "N8P",
    "City": "Windsor (East Riverside)",
    "Ontario": "Ontario",
    "45.1953": 42.3391,
    "-76.1496": -82.9279
  },
  {
    "ZIP": "N8R",
    "City": "Windsor (East Forest Glade)",
    "Ontario": "Ontario",
    "45.1953": 42.3136,
    "-76.1496": -82.9338
  },
  {
    "ZIP": "N8S",
    "City": "Windsor (Riverside)",
    "Ontario": "Ontario",
    "45.1953": 42.3307,
    "-76.1496": -82.9752
  },
  {
    "ZIP": "N8T",
    "City": "Windsor (West Forest Glade / East Fontainbleu)",
    "Ontario": "Ontario",
    "45.1953": 42.3188,
    "-76.1496": -82.965
  },
  {
    "ZIP": "N8V",
    "City": "Tecumseh (YQG)",
    "Ontario": "Ontario",
    "45.1953": 42.2679,
    "-76.1496": -82.9699
  },
  {
    "ZIP": "N8W",
    "City": "Windsor (South Walkerville / West Fontainbleu / Walker Farm / Devonshire)",
    "Ontario": "Ontario",
    "45.1953": 42.3062,
    "-76.1496": -83.0017
  },
  {
    "ZIP": "N8X",
    "City": "Windsor South Central (West Walkerville / Remington Park)",
    "Ontario": "Ontario",
    "45.1953": 42.3039,
    "-76.1496": -83.0308
  },
  {
    "ZIP": "N8Y",
    "City": "Windsor East (East Walkerville)",
    "Ontario": "Ontario",
    "45.1953": 42.3251,
    "-76.1496": -83.0171
  },
  {
    "ZIP": "N9A",
    "City": "Windsor (City Centre / NW Walkerville)",
    "Ontario": "Ontario",
    "45.1953": 42.3159,
    "-76.1496": -83.0393
  },
  {
    "ZIP": "N9B",
    "City": "Windsor (University / South Cameron)",
    "Ontario": "Ontario",
    "45.1953": 42.3158,
    "-76.1496": -83.0568
  },
  {
    "ZIP": "N9C",
    "City": "Windsor (Sandwich / Ojibway / West Malden)",
    "Ontario": "Ontario",
    "45.1953": 42.3077,
    "-76.1496": -83.0724
  },
  {
    "ZIP": "N9E",
    "City": "Windsor South (East Malden)",
    "Ontario": "Ontario",
    "45.1953": 42.2736,
    "-76.1496": -83.0416
  },
  {
    "ZIP": "N9G",
    "City": "Windsor (Roseland)",
    "Ontario": "Ontario",
    "45.1953": 42.2581,
    "-76.1496": -82.9988
  },
  {
    "ZIP": "N9H",
    "City": "La Salle East",
    "Ontario": "Ontario",
    "45.1953": 42.2351,
    "-76.1496": -82.998
  },
  {
    "ZIP": "N9J",
    "City": "La Salle West",
    "Ontario": "Ontario",
    "45.1953": 42.247,
    "-76.1496": -83.1
  },
  {
    "ZIP": "N9K",
    "City": "Tecumseh Central",
    "Ontario": "Ontario",
    "45.1953": 42.049,
    "-76.1496": -83.1032
  },
  {
    "ZIP": "N9V",
    "City": "Amherstburg",
    "Ontario": "Ontario",
    "45.1953": 42.1106,
    "-76.1496": -83.1115
  },
  {
    "ZIP": "N9Y",
    "City": "Kingsville",
    "Ontario": "Ontario",
    "45.1953": 42.0377,
    "-76.1496": -82.7394
  },
  {
    "ZIP": "P0A",
    "City": "Nipissing Central (Burk's Falls)",
    "Ontario": "Ontario",
    "45.1953": 45.4139,
    "-76.1496": -79.6728
  },
  {
    "ZIP": "P0B",
    "City": "Nipissing South (Utterson)",
    "Ontario": "Ontario",
    "45.1953": 45.1103,
    "-76.1496": -79.158
  },
  {
    "ZIP": "P0C",
    "City": "Parry Sound Mid-Shore (Bala)",
    "Ontario": "Ontario",
    "45.1953": 44.8462,
    "-76.1496": -79.7954
  },
  {
    "ZIP": "P0E",
    "City": "Parry Sound South Shore (Kilworthy)",
    "Ontario": "Ontario",
    "45.1953": 44.8935,
    "-76.1496": -79.741
  },
  {
    "ZIP": "P0G",
    "City": "Parry Sound North Shore (Nobel)",
    "Ontario": "Ontario",
    "45.1953": 45.9033,
    "-76.1496": -80.5762
  },
  {
    "ZIP": "P0H",
    "City": "Nipissing North (Callander)",
    "Ontario": "Ontario",
    "45.1953": 45.8738,
    "-76.1496": -79.8846
  },
  {
    "ZIP": "P0J",
    "City": "Timiskaming South (Temiskaming Shores)",
    "Ontario": "Ontario",
    "45.1953": 47.6756,
    "-76.1496": -79.5424
  },
  {
    "ZIP": "P0K",
    "City": "Timiskaming North (Iroquois Falls A)",
    "Ontario": "Ontario",
    "45.1953": 48.1346,
    "-76.1496": -80.0769
  },
  {
    "ZIP": "P0L",
    "City": "Cochrane Region (Hearst)",
    "Ontario": "Ontario",
    "45.1953": 52.923,
    "-76.1496": -82.4173
  },
  {
    "ZIP": "P0M",
    "City": "Algoma, Sudbury District and Greater Sudbury (Chelmsford)",
    "Ontario": "Ontario",
    "45.1953": 46.1329,
    "-76.1496": -80.8231
  },
  {
    "ZIP": "P0N",
    "City": "Timmins Region (South Porcupine)",
    "Ontario": "Ontario",
    "45.1953": 48.4466,
    "-76.1496": -80.8161
  },
  {
    "ZIP": "P0P",
    "City": "Manitoulin (Little Current)",
    "Ontario": "Ontario",
    "45.1953": 46.0182,
    "-76.1496": -82.2507
  },
  {
    "ZIP": "P0R",
    "City": "Algoma Southwest (Blind River)",
    "Ontario": "Ontario",
    "45.1953": 46.1849,
    "-76.1496": -82.8228
  },
  {
    "ZIP": "P0S",
    "City": "Lake Superior East Shore (Wawa)",
    "Ontario": "Ontario",
    "45.1953": 46.9551,
    "-76.1496": -84.5005
  },
  {
    "ZIP": "P0T",
    "City": "Lake Superior North Shore (Marathon)",
    "Ontario": "Ontario",
    "45.1953": 50.139,
    "-76.1496": -89.0561
  },
  {
    "ZIP": "P0V",
    "City": "Northwestern Ontario (Red Lake)",
    "Ontario": "Ontario",
    "45.1953": 50.2407,
    "-76.1496": -90.2024
  },
  {
    "ZIP": "P0W",
    "City": "Rainy River Region (Emo)",
    "Ontario": "Ontario",
    "45.1953": 48.7778,
    "-76.1496": -93.962
  },
  {
    "ZIP": "P0X",
    "City": "Kenora Region (Keewatin)",
    "Ontario": "Ontario",
    "45.1953": 49.7003,
    "-76.1496": -94.8583
  },
  {
    "ZIP": "P0Y",
    "City": "Lake of the Woods East Shore (Ingolf)",
    "Ontario": "Ontario",
    "45.1953": 49.7857,
    "-76.1496": -95.1168
  },
  {
    "ZIP": "P1A",
    "City": "North Bay South",
    "Ontario": "Ontario",
    "45.1953": 46.3036,
    "-76.1496": -79.4624
  },
  {
    "ZIP": "P1B",
    "City": "North Bay Central",
    "Ontario": "Ontario",
    "45.1953": 46.3094,
    "-76.1496": -79.464
  },
  {
    "ZIP": "P1C",
    "City": "North Bay North",
    "Ontario": "Ontario",
    "45.1953": 46.3411,
    "-76.1496": -79.4457
  },
  {
    "ZIP": "P1H",
    "City": "Huntsville",
    "Ontario": "Ontario",
    "45.1953": 45.3272,
    "-76.1496": -79.2151
  },
  {
    "ZIP": "P1L",
    "City": "Bracebridge",
    "Ontario": "Ontario",
    "45.1953": 45.057,
    "-76.1496": -79.3366
  },
  {
    "ZIP": "P1P",
    "City": "Gravenhurst",
    "Ontario": "Ontario",
    "45.1953": 44.9451,
    "-76.1496": -79.3549
  },
  {
    "ZIP": "P2A",
    "City": "Parry Sound",
    "Ontario": "Ontario",
    "45.1953": 45.3405,
    "-76.1496": -80.0365
  },
  {
    "ZIP": "P2B",
    "City": "Sturgeon Falls",
    "Ontario": "Ontario",
    "45.1953": 46.3664,
    "-76.1496": -79.9178
  },
  {
    "ZIP": "P2N",
    "City": "Kirkland Lake",
    "Ontario": "Ontario",
    "45.1953": 48.151,
    "-76.1496": -80.0328
  },
  {
    "ZIP": "P3A",
    "City": "Greater Sudbury (New Sudbury)",
    "Ontario": "Ontario",
    "45.1953": 46.5076,
    "-76.1496": -80.9872
  },
  {
    "ZIP": "P3B",
    "City": "Greater Sudbury (Downtown / Minnow Lake)",
    "Ontario": "Ontario",
    "45.1953": 46.4769,
    "-76.1496": -80.9099
  },
  {
    "ZIP": "P3C",
    "City": "Greater Sudbury (Gatchell / West End / Little Britain)",
    "Ontario": "Ontario",
    "45.1953": 46.4727,
    "-76.1496": -81.0291
  },
  {
    "ZIP": "P3E",
    "City": "Greater Sudbury (Robinson / Lockerby)",
    "Ontario": "Ontario",
    "45.1953": 46.4918,
    "-76.1496": -80.9955
  },
  {
    "ZIP": "P3G",
    "City": "Greater Sudbury (Lo-Ellen / McFarlane Lake)",
    "Ontario": "Ontario",
    "45.1953": 46.4106,
    "-76.1496": -81.0517
  },
  {
    "ZIP": "P3L",
    "City": "Greater Sudbury (Garson)",
    "Ontario": "Ontario",
    "45.1953": 46.5625,
    "-76.1496": -80.8665
  },
  {
    "ZIP": "P3N",
    "City": "Greater Sudbury (Val Caron)",
    "Ontario": "Ontario",
    "45.1953": 46.6191,
    "-76.1496": -81.0356
  },
  {
    "ZIP": "P3P",
    "City": "Greater Sudbury (Hanmer)",
    "Ontario": "Ontario",
    "45.1953": 46.6318,
    "-76.1496": -81.0147
  },
  {
    "ZIP": "P3Y",
    "City": "Greater Sudbury (Lively)",
    "Ontario": "Ontario",
    "45.1953": 46.4223,
    "-76.1496": -81.1165
  },
  {
    "ZIP": "P4N",
    "City": "Timmins Southeast",
    "Ontario": "Ontario",
    "45.1953": 48.4757,
    "-76.1496": -81.3366
  },
  {
    "ZIP": "P4P",
    "City": "Timmins North",
    "Ontario": "Ontario",
    "45.1953": 48.4951,
    "-76.1496": -81.3513
  },
  {
    "ZIP": "P4R",
    "City": "Timmins West",
    "Ontario": "Ontario",
    "45.1953": 48.473,
    "-76.1496": -81.3765
  },
  {
    "ZIP": "P5A",
    "City": "Elliot Lake",
    "Ontario": "Ontario",
    "45.1953": 46.372,
    "-76.1496": -82.6721
  },
  {
    "ZIP": "P5E",
    "City": "Espanola",
    "Ontario": "Ontario",
    "45.1953": 46.2629,
    "-76.1496": -81.7719
  },
  {
    "ZIP": "P5N",
    "City": "Kapuskasing",
    "Ontario": "Ontario",
    "45.1953": 49.4134,
    "-76.1496": -82.4203
  },
  {
    "ZIP": "P6A",
    "City": "Sault Ste. Marie East",
    "Ontario": "Ontario",
    "45.1953": 46.5175,
    "-76.1496": -84.3414
  },
  {
    "ZIP": "P6B",
    "City": "Sault Ste. Marie Central",
    "Ontario": "Ontario",
    "45.1953": 46.5105,
    "-76.1496": -84.321
  },
  {
    "ZIP": "P6C",
    "City": "Sault Ste. Marie North",
    "Ontario": "Ontario",
    "45.1953": 46.5245,
    "-76.1496": -84.3768
  },
  {
    "ZIP": "P7A",
    "City": "Thunder Bay Northeast",
    "Ontario": "Ontario",
    "45.1953": 48.4578,
    "-76.1496": -89.1885
  },
  {
    "ZIP": "P7B",
    "City": "Thunder Bay North Central",
    "Ontario": "Ontario",
    "45.1953": 48.4349,
    "-76.1496": -89.2192
  },
  {
    "ZIP": "P7C",
    "City": "Thunder Bay Central",
    "Ontario": "Ontario",
    "45.1953": 48.3852,
    "-76.1496": -89.242
  },
  {
    "ZIP": "P7E",
    "City": "Thunder Bay South Central",
    "Ontario": "Ontario",
    "45.1953": 48.3775,
    "-76.1496": -89.2704
  },
  {
    "ZIP": "P7G",
    "City": "Thunder Bay North",
    "Ontario": "Ontario",
    "45.1953": 48.4511,
    "-76.1496": -89.273
  },
  {
    "ZIP": "P7J",
    "City": "Thunder Bay South",
    "Ontario": "Ontario",
    "45.1953": 48.3187,
    "-76.1496": -89.3415
  },
  {
    "ZIP": "P7K",
    "City": "Thunder Bay West",
    "Ontario": "Ontario",
    "45.1953": 48.3959,
    "-76.1496": -89.3556
  },
  {
    "ZIP": "P8N",
    "City": "Dryden",
    "Ontario": "Ontario",
    "45.1953": 49.7856,
    "-76.1496": -92.8364
  },
  {
    "ZIP": "P8T",
    "City": "Sioux Lookout",
    "Ontario": "Ontario",
    "45.1953": 50.0885,
    "-76.1496": -91.9086
  },
  {
    "ZIP": "P9A",
    "City": "Fort Frances",
    "Ontario": "Ontario",
    "45.1953": 48.6075,
    "-76.1496": -93.3869
  },
  {
    "ZIP": "P9N",
    "City": "Kenora",
    "Ontario": "Ontario",
    "45.1953": 49.7667,
    "-76.1496": -94.4848
  }
]